ISO-10303-21;
HEADER;
FILE_DESCRIPTION (( 'STEP AP214' ),
    '1' );
FILE_NAME ('BK-18650-CLIP.STEP',
    '2024-12-13T07:48:38',
    ( '' ),
    ( '' ),
    'SwSTEP 2.0',
    'SolidWorks 2021',
    '' );
FILE_SCHEMA (( 'AUTOMOTIVE_DESIGN' ));
ENDSEC;

DATA;
#1 = ORIENTED_EDGE ( 'NONE', *, *, #1652, .F. ) ;
#2 = CARTESIAN_POINT ( 'NONE',  ( -6.475000000000060929, 17.34599999999997522, 6.941056132687144498 ) ) ;
#3 = CARTESIAN_POINT ( 'NONE',  ( -4.447399999999999132, -1.560463620630978538E-14, -0.9550000000000000711 ) ) ;
#4 = ORIENTED_EDGE ( 'NONE', *, *, #2250, .T. ) ;
#5 = DIRECTION ( 'NONE',  ( 1.000000000000000000, 3.520899023009863541E-15, 1.205564220626218458E-31 ) ) ;
#6 = DIRECTION ( 'NONE',  ( 0.000000000000000000, 1.000000000000000000, 0.000000000000000000 ) ) ;
#7 = CIRCLE ( 'NONE', #116, 2.505493963273513369 ) ;
#8 = LINE ( 'NONE', #1142, #1861 ) ;
#9 = DIRECTION ( 'NONE',  ( 1.000000000000000000, 3.160939278383395803E-15, 0.000000000000000000 ) ) ;
#10 = ORIENTED_EDGE ( 'NONE', *, *, #1534, .F. ) ;
#11 = ORIENTED_EDGE ( 'NONE', *, *, #1708, .F. ) ;
#12 = AXIS2_PLACEMENT_3D ( 'NONE', #998, #1901, #2514 ) ;
#13 = DIRECTION ( 'NONE',  ( 0.000000000000000000, 1.000000000000000000, 0.000000000000000000 ) ) ;
#14 = CARTESIAN_POINT ( 'NONE',  ( 3.054999999999988614, 2.399800000000011035, -5.589999999999998970 ) ) ;
#15 = EDGE_CURVE ( 'NONE', #2945, #2201, #651, .T. ) ;
#16 = ORIENTED_EDGE ( 'NONE', *, *, #198, .T. ) ;
#17 = CARTESIAN_POINT ( 'NONE',  ( -4.444200000000000372, 0.3047999999999843612, -1.754999999999998783 ) ) ;
#18 = CARTESIAN_POINT ( 'NONE',  ( -6.475000000000001421, 0.6047999999999771337, -4.985199999999999854 ) ) ;
#19 = LINE ( 'NONE', #313, #2874 ) ;
#20 = ORIENTED_EDGE ( 'NONE', *, *, #741, .T. ) ;
#21 = LINE ( 'NONE', #1159, #851 ) ;
#22 = DIRECTION ( 'NONE',  ( -3.520899023009863541E-15, 1.000000000000000000, 0.000000000000000000 ) ) ;
#23 = EDGE_LOOP ( 'NONE', ( #709, #2055, #2174, #2409 ) ) ;
#24 = ADVANCED_FACE ( 'NONE', ( #1618 ), #2756, .F. ) ;
#25 = FACE_BOUND ( 'NONE', #2126, .T. ) ;
#26 = CARTESIAN_POINT ( 'NONE',  ( -4.542599999999999305, 1.073170022213408449E-15, 3.324999999999999734 ) ) ;
#27 = ORIENTED_EDGE ( 'NONE', *, *, #404, .T. ) ;
#28 = DIRECTION ( 'NONE',  ( 1.000000000000000000, 2.941768416672979096E-17, 0.000000000000000000 ) ) ;
#29 = EDGE_CURVE ( 'NONE', #3340, #547, #2451, .T. ) ;
#30 = ORIENTED_EDGE ( 'NONE', *, *, #257, .F. ) ;
#31 = CARTESIAN_POINT ( 'NONE',  ( -6.475000000000060929, 17.34599999999997522, 6.941056132687144498 ) ) ;
#32 = VECTOR ( 'NONE', #2472, 1000.000000000000227 ) ;
#33 = CARTESIAN_POINT ( 'NONE',  ( -4.847399999999999487, -0.1000000000000164507, -3.325000000000000178 ) ) ;
#34 = EDGE_CURVE ( 'NONE', #75, #86, #2188, .T. ) ;
#35 = CIRCLE ( 'NONE', #1372, 0.7850000000000001421 ) ;
#36 = VECTOR ( 'NONE', #1694, 1000.000000000000000 ) ;
#37 = ORIENTED_EDGE ( 'NONE', *, *, #708, .F. ) ;
#38 = CARTESIAN_POINT ( 'NONE',  ( -6.474999999999999645, -2.268940095674031598E-14, 4.985199999999999854 ) ) ;
#39 = AXIS2_PLACEMENT_3D ( 'NONE', #1476, #3091, #13 ) ;
#40 = CIRCLE ( 'NONE', #276, 0.6048000000000207654 ) ;
#41 = DIRECTION ( 'NONE',  ( 1.000000000000000000, 3.520899023009863541E-15, 0.000000000000000000 ) ) ;
#42 = EDGE_CURVE ( 'NONE', #3002, #60, #370, .T. ) ;
#43 = AXIS2_PLACEMENT_3D ( 'NONE', #3392, #3166, #1135 ) ;
#44 = AXIS2_PLACEMENT_3D ( 'NONE', #1688, #1704, #3377 ) ;
#45 = VERTEX_POINT ( 'NONE', #3028 ) ;
#46 = CIRCLE ( 'NONE', #1926, 2.087911636061258847 ) ;
#47 = DIRECTION ( 'NONE',  ( 3.520899023009863541E-15, -1.000000000000000000, 5.868165038349772568E-17 ) ) ;
#48 = CARTESIAN_POINT ( 'NONE',  ( 6.054999999999943761, 15.00000000000001954, 4.265000000000001457 ) ) ;
#49 = EDGE_LOOP ( 'NONE', ( #1813, #1193, #3412, #1971 ) ) ;
#50 = CARTESIAN_POINT ( 'NONE',  ( -6.475000000000060929, 17.34599999999997522, 6.941056132687144498 ) ) ;
#51 = ORIENTED_EDGE ( 'NONE', *, *, #3508, .F. ) ;
#52 = DIRECTION ( 'NONE',  ( 2.697165131359717036E-15, -0.7660444431189700198, 0.6427876096865489108 ) ) ;
#53 = ORIENTED_EDGE ( 'NONE', *, *, #459, .T. ) ;
#54 = LINE ( 'NONE', #2306, #672 ) ;
#55 = LINE ( 'NONE', #3, #2397 ) ;
#56 = ORIENTED_EDGE ( 'NONE', *, *, #2466, .T. ) ;
#57 = DIRECTION ( 'NONE',  ( 1.000000000000000000, 3.520899023009863541E-15, 1.711110155826401300E-15 ) ) ;
#58 = DIRECTION ( 'NONE',  ( -0.000000000000000000, 0.000000000000000000, 1.000000000000000000 ) ) ;
#59 = ORIENTED_EDGE ( 'NONE', *, *, #1425, .T. ) ;
#60 = VERTEX_POINT ( 'NONE', #3270 ) ;
#61 = CIRCLE ( 'NONE', #3488, 9.249999999999996447 ) ;
#62 = FACE_OUTER_BOUND ( 'NONE', #2312, .T. ) ;
#63 = DIRECTION ( 'NONE',  ( 1.000000000000000000, 3.520899023009863935E-15, -0.000000000000000000 ) ) ;
#64 = VERTEX_POINT ( 'NONE', #205 ) ;
#65 = DIRECTION ( 'NONE',  ( -3.520899023009863541E-15, 1.000000000000000000, 0.000000000000000000 ) ) ;
#66 = DIRECTION ( 'NONE',  ( 8.147466934525887889E-15, -0.6847533790743730586, 0.7287748691099521503 ) ) ;
#67 = ORIENTED_EDGE ( 'NONE', *, *, #3079, .F. ) ;
#68 = DIRECTION ( 'NONE',  ( 2.944994261170396419E-15, 0.7928444274392979496, -0.6094240837696290880 ) ) ;
#69 = ORIENTED_EDGE ( 'NONE', *, *, #810, .T. ) ;
#70 = ADVANCED_FACE ( 'NONE', ( #1310 ), #2968, .F. ) ;
#71 = EDGE_CURVE ( 'NONE', #1268, #2878, #2270, .T. ) ;
#72 = ADVANCED_FACE ( 'NONE', ( #1279 ), #639, .T. ) ;
#73 = DIRECTION ( 'NONE',  ( -3.520899023009863541E-15, 1.000000000000000000, 0.000000000000000000 ) ) ;
#74 = ORIENTED_EDGE ( 'NONE', *, *, #2218, .T. ) ;
#75 = VERTEX_POINT ( 'NONE', #3548 ) ;
#76 = DIRECTION ( 'NONE',  ( -1.000000000000000000, -3.520899023009863541E-15, 0.000000000000000000 ) ) ;
#77 = LINE ( 'NONE', #606, #3573 ) ;
#78 = EDGE_CURVE ( 'NONE', #2076, #457, #1064, .T. ) ;
#79 = ORIENTED_EDGE ( 'NONE', *, *, #1484, .T. ) ;
#80 = DIRECTION ( 'NONE',  ( 1.000000000000000000, 3.523657060577891777E-15, 0.000000000000000000 ) ) ;
#81 = CARTESIAN_POINT ( 'NONE',  ( 3.177400000000000002, -0.09999999999998865352, -0.7850000000000002531 ) ) ;
#82 = ORIENTED_EDGE ( 'NONE', *, *, #1827, .T. ) ;
#83 = CARTESIAN_POINT ( 'NONE',  ( 4.868359816404250751, 14.85721304444741619, 4.265000000000001457 ) ) ;
#84 = ADVANCED_FACE ( 'NONE', ( #1011 ), #1214, .T. ) ;
#85 = EDGE_CURVE ( 'NONE', #2560, #1848, #1849, .T. ) ;
#86 = VERTEX_POINT ( 'NONE', #91 ) ;
#87 = CIRCLE ( 'NONE', #2210, 2.500000000000000444 ) ;
#88 = AXIS2_PLACEMENT_3D ( 'NONE', #2429, #177, #3265 ) ;
#89 = CIRCLE ( 'NONE', #3631, 1.499999999999999556 ) ;
#90 = VERTEX_POINT ( 'NONE', #3196 ) ;
#91 = CARTESIAN_POINT ( 'NONE',  ( 6.162213129807487810, 1.553229595743208957, 4.264999999999999680 ) ) ;
#92 = CARTESIAN_POINT ( 'NONE',  ( 1.772599999999999287, 0.3048000000000062881, -1.584999999999999520 ) ) ;
#93 = EDGE_CURVE ( 'NONE', #3230, #3506, #473, .T. ) ;
#94 = CARTESIAN_POINT ( 'NONE',  ( -6.475000000000056488, 16.09672020854134900, 6.589036959162287488 ) ) ;
#95 = CARTESIAN_POINT ( 'NONE',  ( -6.475000000000008527, 2.399799999999977285, 5.589999999999998970 ) ) ;
#96 = AXIS2_PLACEMENT_3D ( 'NONE', #603, #76, #3198 ) ;
#97 = CIRCLE ( 'NONE', #2822, 9.249999999999996447 ) ;
#98 = ORIENTED_EDGE ( 'NONE', *, *, #2703, .T. ) ;
#99 = DIRECTION ( 'NONE',  ( 0.000000000000000000, 0.000000000000000000, -1.000000000000000000 ) ) ;
#100 = LINE ( 'NONE', #3187, #948 ) ;
#101 = ORIENTED_EDGE ( 'NONE', *, *, #1012, .T. ) ;
#102 = FILL_AREA_STYLE ('',( #2291 ) ) ;
#103 = CYLINDRICAL_SURFACE ( 'NONE', #2933, 0.4000000000000010214 ) ;
#104 = VERTEX_POINT ( 'NONE', #1884 ) ;
#105 = CARTESIAN_POINT ( 'NONE',  ( -4.656098549908477047, 0.2596360052624333559, -1.755000000000001226 ) ) ;
#106 = ORIENTED_EDGE ( 'NONE', *, *, #3304, .T. ) ;
#107 = UNCERTAINTY_MEASURE_WITH_UNIT (LENGTH_MEASURE( 1.000000000000000082E-05 ), #3425, 'distance_accuracy_value', 'NONE');
#108 = CARTESIAN_POINT ( 'NONE',  ( 3.054999999999965077, 9.971464282045271688, 0.07000000000000235201 ) ) ;
#109 = FACE_OUTER_BOUND ( 'NONE', #1743, .T. ) ;
#110 = DIRECTION ( 'NONE',  ( 3.469446951953615372E-15, -1.000000000000000000, 0.000000000000000000 ) ) ;
#111 = DIRECTION ( 'NONE',  ( -1.000000000000000000, -3.520899023009863541E-15, 0.000000000000000000 ) ) ;
#112 = PLANE ( 'NONE',  #910 ) ;
#113 = ORIENTED_EDGE ( 'NONE', *, *, #186, .F. ) ;
#114 = ADVANCED_FACE ( 'NONE', ( #2991 ), #455, .T. ) ;
#115 = DIRECTION ( 'NONE',  ( 1.000000000000000000, -3.944304526105059027E-31, -0.000000000000000000 ) ) ;
#116 = AXIS2_PLACEMENT_3D ( 'NONE', #460, #3345, #2742 ) ;
#117 = EDGE_LOOP ( 'NONE', ( #796, #2675, #2493, #1719 ) ) ;
#118 = VERTEX_POINT ( 'NONE', #1899 ) ;
#119 = DIRECTION ( 'NONE',  ( -3.520899023009863541E-15, 1.000000000000000000, 0.000000000000000000 ) ) ;
#120 = AXIS2_PLACEMENT_3D ( 'NONE', #844, #2536, #57 ) ;
#121 = DIRECTION ( 'NONE',  ( 1.000000000000000000, 3.520899023009863541E-15, 0.000000000000000000 ) ) ;
#122 = DIRECTION ( 'NONE',  ( -3.520899023009863541E-15, 1.000000000000000000, 0.000000000000000000 ) ) ;
#123 = EDGE_LOOP ( 'NONE', ( #2030, #3302, #3547, #1761 ) ) ;
#124 = CARTESIAN_POINT ( 'NONE',  ( -4.446201815651361855, -8.631133790887689900E-05, -3.325000000000000178 ) ) ;
#125 = B_SPLINE_CURVE_WITH_KNOTS ( 'NONE', 3,
 ( #1395, #2880, #1103, #3438, #3084, #2248 ),
 .UNSPECIFIED., .F., .F.,
 ( 4, 2, 4 ),
 ( 0.000000000000000000, 0.5000000000000000000, 1.000000000000000000 ),
 .UNSPECIFIED. ) ;
#126 = ORIENTED_EDGE ( 'NONE', *, *, #671, .F. ) ;
#127 = CARTESIAN_POINT ( 'NONE',  ( 2.772600000000000176, -2.910199999999990350, -2.168404344971008868E-16 ) ) ;
#128 = CARTESIAN_POINT ( 'NONE',  ( -4.847399999999999487, -2.910200000000017440, 2.540000000000000924 ) ) ;
#129 = ADVANCED_FACE ( 'NONE', ( #938 ), #3005, .T. ) ;
#130 = DIRECTION ( 'NONE',  ( -2.263190266948215415E-15, 0.6427876096865489108, -0.7660444431189700198 ) ) ;
#131 = DIRECTION ( 'NONE',  ( -3.469446951953615372E-15, 1.000000000000000000, 0.000000000000000000 ) ) ;
#132 = ADVANCED_BREP_SHAPE_REPRESENTATION ( 'BK-18650-CLIP', ( #260, #286 ), #567 ) ;
#133 = ORIENTED_EDGE ( 'NONE', *, *, #1708, .T. ) ;
#134 = CARTESIAN_POINT ( 'NONE',  ( -4.847399999999999487, -0.1000000000000164507, -3.325000000000000178 ) ) ;
#135 = CARTESIAN_POINT ( 'NONE',  ( -4.442599999999998772, -0.1000000000000150352, -3.325000000000000178 ) ) ;
#136 = ADVANCED_FACE ( 'NONE', ( #2551 ), #279, .F. ) ;
#137 = ORIENTED_EDGE ( 'NONE', *, *, #506, .F. ) ;
#138 = CARTESIAN_POINT ( 'NONE',  ( 3.172600000000000531, 1.122461434902537102E-14, 1.585000000000000853 ) ) ;
#139 = ADVANCED_FACE ( 'NONE', ( #2788 ), #809, .T. ) ;
#140 = FACE_OUTER_BOUND ( 'NONE', #2255, .T. ) ;
#141 = VERTEX_POINT ( 'NONE', #1393 ) ;
#142 = LINE ( 'NONE', #2345, #799 ) ;
#143 = CIRCLE ( 'NONE', #610, 2.195199999999999374 ) ;
#144 = VERTEX_POINT ( 'NONE', #3126 ) ;
#145 = AXIS2_PLACEMENT_3D ( 'NONE', #3446, #3470, #908 ) ;
#146 = DIRECTION ( 'NONE',  ( 1.000000000000000000, 3.520899023009863935E-15, 0.000000000000000000 ) ) ;
#147 = DIRECTION ( 'NONE',  ( 0.000000000000000000, 0.000000000000000000, 1.000000000000000000 ) ) ;
#148 = VECTOR ( 'NONE', #1872, 1000.000000000000000 ) ;
#149 = CARTESIAN_POINT ( 'NONE',  ( 3.866145616190503009, 9.334654527779290945, 0.000000000000000000 ) ) ;
#150 = AXIS2_PLACEMENT_3D ( 'NONE', #2976, #3592, #1871 ) ;
#151 = CARTESIAN_POINT ( 'NONE',  ( -6.475000000000060041, 16.89961699854397992, -6.566496320801628706 ) ) ;
#152 = CARTESIAN_POINT ( 'NONE',  ( -6.475000000000001421, 0.6047999999999771337, 5.285199999999999676 ) ) ;
#153 = ORIENTED_EDGE ( 'NONE', *, *, #288, .T. ) ;
#154 = TOROIDAL_SURFACE ( 'NONE', #1260, 2.505493963273511149, 0.5000000000000008882 ) ;
#155 = CARTESIAN_POINT ( 'NONE',  ( 2.772600000000000176, 1.088045825190081046E-14, 0.7850000000000002531 ) ) ;
#156 = CYLINDRICAL_SURFACE ( 'NONE', #2662, 9.249999999999996447 ) ;
#157 = AXIS2_PLACEMENT_3D ( 'NONE', #3622, #1439, #3391 ) ;
#158 = ORIENTED_EDGE ( 'NONE', *, *, #2548, .F. ) ;
#159 = VERTEX_POINT ( 'NONE', #1364 ) ;
#160 = CARTESIAN_POINT ( 'NONE',  ( -6.475000000000001421, 0.6047999999999771337, 5.285199999999999676 ) ) ;
#161 = CARTESIAN_POINT ( 'NONE',  ( -4.444199999999999484, 0.3047999999999843612, -3.324999999999997069 ) ) ;
#162 = AXIS2_PLACEMENT_3D ( 'NONE', #1118, #1749, #2264 ) ;
#163 = CARTESIAN_POINT ( 'NONE',  ( -4.468779938779913863, -1.486754580668110670E-14, -3.325000000000000622 ) ) ;
#164 = ORIENTED_EDGE ( 'NONE', *, *, #3260, .T. ) ;
#165 = DIRECTION ( 'NONE',  ( 1.000000000000000000, 3.520899023009863541E-15, 0.000000000000000000 ) ) ;
#166 = EDGE_LOOP ( 'NONE', ( #1734, #3535, #2166, #3244 ) ) ;
#167 = LINE ( 'NONE', #1280, #1045 ) ;
#168 = CARTESIAN_POINT ( 'NONE',  ( -4.847399999999999487, -3.695200000000017582, -1.755000000000001004 ) ) ;
#169 = EDGE_LOOP ( 'NONE', ( #3180, #1398, #802, #2818 ) ) ;
#170 = DIRECTION ( 'NONE',  ( 1.000000000000000000, 3.520899023009863935E-15, 0.000000000000000000 ) ) ;
#171 = FACE_OUTER_BOUND ( 'NONE', #1256, .T. ) ;
#172 = ORIENTED_EDGE ( 'NONE', *, *, #3252, .F. ) ;
#173 = CARTESIAN_POINT ( 'NONE',  ( -4.447399999999999132, -1.560463620630978538E-14, 1.355000000000003757 ) ) ;
#174 = CARTESIAN_POINT ( 'NONE',  ( 3.054999999999999272, 0.3048000000000107845, -4.985199999999999854 ) ) ;
#175 = EDGE_CURVE ( 'NONE', #1416, #1449, #2679, .T. ) ;
#176 = EDGE_LOOP ( 'NONE', ( #648, #1190, #53, #1913 ) ) ;
#177 = DIRECTION ( 'NONE',  ( 1.000000000000000000, 3.520899023009863541E-15, 0.000000000000000000 ) ) ;
#178 = FACE_OUTER_BOUND ( 'NONE', #1319, .T. ) ;
#179 = ORIENTED_EDGE ( 'NONE', *, *, #469, .F. ) ;
#180 = DIRECTION ( 'NONE',  ( -0.000000000000000000, 0.000000000000000000, 1.000000000000000000 ) ) ;
#181 = CARTESIAN_POINT ( 'NONE',  ( -6.474999999999999645, -2.274361106536459120E-14, -0.9549999999999997380 ) ) ;
#182 = EDGE_CURVE ( 'NONE', #2016, #308, #21, .T. ) ;
#183 = CARTESIAN_POINT ( 'NONE',  ( -6.475000000000008527, 2.399799999999977285, -5.889999999999999680 ) ) ;
#184 = SPHERICAL_SURFACE ( 'NONE', #3471, 2.500000000000000000 ) ;
#185 = CIRCLE ( 'NONE', #2727, 0.3000000000000207501 ) ;
#186 = EDGE_CURVE ( 'NONE', #2207, #3230, #1139, .T. ) ;
#187 = ORIENTED_EDGE ( 'NONE', *, *, #3574, .F. ) ;
#188 = EDGE_CURVE ( 'NONE', #2106, #1545, #1561, .T. ) ;
#189 = DIRECTION ( 'NONE',  ( -3.469446951953611033E-15, 1.000000000000000000, 1.215876089842783583E-16 ) ) ;
#190 = EDGE_CURVE ( 'NONE', #3002, #553, #2845, .T. ) ;
#191 = CARTESIAN_POINT ( 'NONE',  ( -6.475000000000008527, 2.399799999999977285, 5.285199999999998788 ) ) ;
#192 = CARTESIAN_POINT ( 'NONE',  ( 4.868359816404250751, 14.85721304444741797, -4.264999999999997904 ) ) ;
#193 = DIRECTION ( 'NONE',  ( -1.000000000000000000, -3.520899023009863541E-15, 0.000000000000000000 ) ) ;
#194 = ORIENTED_EDGE ( 'NONE', *, *, #42, .F. ) ;
#195 = FACE_OUTER_BOUND ( 'NONE', #1814, .T. ) ;
#196 = PLANE ( 'NONE',  #2631 ) ;
#197 = DIRECTION ( 'NONE',  ( 1.000000000000000000, 3.520899023009863935E-15, 0.000000000000000000 ) ) ;
#198 = EDGE_CURVE ( 'NONE', #402, #1081, #3103, .T. ) ;
#199 = EDGE_LOOP ( 'NONE', ( #2234, #126, #811, #434 ) ) ;
#200 = ORIENTED_EDGE ( 'NONE', *, *, #3148, .F. ) ;
#201 = DIRECTION ( 'NONE',  ( 1.000000000000000000, 2.941768416672979712E-17, 0.000000000000000000 ) ) ;
#202 = DIRECTION ( 'NONE',  ( 1.701333201047079371E-30, -4.832098818876900487E-16, 1.000000000000000000 ) ) ;
#203 = CYLINDRICAL_SURFACE ( 'NONE', #1978, 0.4000000000000010214 ) ;
#204 = ORIENTED_EDGE ( 'NONE', *, *, #2323, .T. ) ;
#205 = CARTESIAN_POINT ( 'NONE',  ( 3.054999999999999272, 0.3048000000000107845, 4.264999999999999680 ) ) ;
#206 = EDGE_CURVE ( 'NONE', #2829, #3506, #2232, .T. ) ;
#207 = ADVANCED_FACE ( 'NONE', ( #1429 ), #2564, .T. ) ;
#208 = DIRECTION ( 'NONE',  ( -1.000000000000000000, -3.520899023009863541E-15, -1.604165771087251847E-15 ) ) ;
#209 = ORIENTED_EDGE ( 'NONE', *, *, #1487, .T. ) ;
#210 = VECTOR ( 'NONE', #3561, 1000.000000000000000 ) ;
#211 = CARTESIAN_POINT ( 'NONE',  ( 5.055000000000000604, 1.790656477856341443E-14, 4.264999999999999680 ) ) ;
#212 = AXIS2_PLACEMENT_3D ( 'NONE', #474, #785, #1916 ) ;
#213 = VECTOR ( 'NONE', #2689, 1000.000000000000000 ) ;
#214 = CARTESIAN_POINT ( 'NONE',  ( -6.474999999999999645, -2.274361106536459120E-14, -4.125000000000000888 ) ) ;
#215 = VERTEX_POINT ( 'NONE', #1083 ) ;
#216 = CARTESIAN_POINT ( 'NONE',  ( -4.442599999999998772, -0.1000000000000150352, -3.325000000000000178 ) ) ;
#217 = CARTESIAN_POINT ( 'NONE',  ( -4.444199999999999484, 0.3047999999999843612, 1.755000000000005222 ) ) ;
#218 = DIRECTION ( 'NONE',  ( 1.000000000000000000, 3.520899023009863541E-15, 0.000000000000000000 ) ) ;
#219 = AXIS2_PLACEMENT_3D ( 'NONE', #2602, #2355, #2859 ) ;
#220 = DIRECTION ( 'NONE',  ( -4.165776792494369969E-31, 1.183157132672674163E-16, -1.000000000000000000 ) ) ;
#221 = VERTEX_POINT ( 'NONE', #1972 ) ;
#222 = VERTEX_POINT ( 'NONE', #2247 ) ;
#223 = B_SPLINE_CURVE_WITH_KNOTS ( 'NONE', 3,
 ( #641, #2901, #372, #2083, #1216, #2918 ),
 .UNSPECIFIED., .F., .F.,
 ( 4, 2, 4 ),
 ( 0.000000000000000000, 0.5000000000000000000, 1.000000000000000000 ),
 .UNSPECIFIED. ) ;
#224 = DIRECTION ( 'NONE',  ( 0.000000000000000000, 0.000000000000000000, -1.000000000000000000 ) ) ;
#225 = VECTOR ( 'NONE', #3073, 1000.000000000000000 ) ;
#226 = EDGE_LOOP ( 'NONE', ( #2632, #3162, #1183, #468 ) ) ;
#227 = CARTESIAN_POINT ( 'NONE',  ( 6.162213129807487810, 1.553229595743210067, -4.264999999999999680 ) ) ;
#228 =( GEOMETRIC_REPRESENTATION_CONTEXT ( 3 ) GLOBAL_UNCERTAINTY_ASSIGNED_CONTEXT ( ( #107 ) ) GLOBAL_UNIT_ASSIGNED_CONTEXT ( ( #3425, #3386, #1457 ) ) REPRESENTATION_CONTEXT ( 'NONE', 'WORKASPACE' ) );
#229 = DIRECTION ( 'NONE',  ( 0.000000000000000000, 0.000000000000000000, 1.000000000000000000 ) ) ;
#230 = ORIENTED_EDGE ( 'NONE', *, *, #367, .T. ) ;
#231 = CYLINDRICAL_SURFACE ( 'NONE', #1454, 0.3999999999999997446 ) ;
#232 = PLANE ( 'NONE',  #1033 ) ;
#233 = VECTOR ( 'NONE', #52, 999.9999999999998863 ) ;
#234 = DIRECTION ( 'NONE',  ( -0.9659258262890709767, 0.2588190451025104144, 3.062235992845697727E-17 ) ) ;
#235 = DIRECTION ( 'NONE',  ( 1.604165771087251847E-15, 5.648105696166969156E-30, -1.000000000000000000 ) ) ;
#236 = ORIENTED_EDGE ( 'NONE', *, *, #936, .T. ) ;
#237 = DIRECTION ( 'NONE',  ( -1.000000000000000000, 0.000000000000000000, 0.000000000000000000 ) ) ;
#238 = FACE_OUTER_BOUND ( 'NONE', #3435, .T. ) ;
#239 = EDGE_CURVE ( 'NONE', #1182, #2607, #1678, .T. ) ;
#240 = EDGE_LOOP ( 'NONE', ( #20, #1909, #133, #3577 ) ) ;
#241 = EDGE_CURVE ( 'NONE', #1486, #2817, #1499, .T. ) ;
#242 = ORIENTED_EDGE ( 'NONE', *, *, #3306, .F. ) ;
#243 = CARTESIAN_POINT ( 'NONE',  ( -6.475000000000060929, 17.34599999999997522, 6.941056132687144498 ) ) ;
#244 = VERTEX_POINT ( 'NONE', #1413 ) ;
#245 = DIRECTION ( 'NONE',  ( 3.520899023009863541E-15, -1.000000000000000000, -4.832098818876900487E-16 ) ) ;
#246 = DIRECTION ( 'NONE',  ( 0.000000000000000000, 0.000000000000000000, -1.000000000000000000 ) ) ;
#247 = DIRECTION ( 'NONE',  ( -0.9928381723524870583, -0.1194669976176413601, 0.000000000000000000 ) ) ;
#248 = ORIENTED_EDGE ( 'NONE', *, *, #2960, .F. ) ;
#249 = CARTESIAN_POINT ( 'NONE',  ( 5.662034053487561280, 5.710000000000020393, 3.300000000000010481 ) ) ;
#250 = EDGE_CURVE ( 'NONE', #1058, #3027, #2209, .T. ) ;
#251 = EDGE_CURVE ( 'NONE', #2945, #2590, #2804, .T. ) ;
#252 = ADVANCED_FACE ( 'NONE', ( #2830, #299 ), #1991, .F. ) ;
#253 = LINE ( 'NONE', #3625, #3104 ) ;
#254 = ORIENTED_EDGE ( 'NONE', *, *, #1060, .F. ) ;
#255 = CARTESIAN_POINT ( 'NONE',  ( -4.442599999999999660, 0.3047999999999851939, -3.325000000000000178 ) ) ;
#256 = DIRECTION ( 'NONE',  ( 1.000000000000000000, 3.520899023009858413E-15, 0.000000000000000000 ) ) ;
#257 = EDGE_CURVE ( 'NONE', #3195, #2450, #3049, .T. ) ;
#258 = PRODUCT_DEFINITION_SHAPE ( 'NONE', 'NONE',  #347 ) ;
#259 = ORIENTED_EDGE ( 'NONE', *, *, #401, .F. ) ;
#260 = MANIFOLD_SOLID_BREP ( 'Shell1', #3100 ) ;
#261 = EDGE_CURVE ( 'NONE', #1545, #1902, #1441, .T. ) ;
#262 = DIRECTION ( 'NONE',  ( -1.000000000000000000, -3.520899023009863541E-15, 0.000000000000000000 ) ) ;
#263 = ORIENTED_EDGE ( 'NONE', *, *, #1013, .T. ) ;
#264 = FACE_OUTER_BOUND ( 'NONE', #2475, .T. ) ;
#265 = CARTESIAN_POINT ( 'NONE',  ( 6.334832190544359420, 2.670000000000022133, 1.780000000000009353 ) ) ;
#266 = DIRECTION ( 'NONE',  ( 0.000000000000000000, -9.376883653928690568E-16, -1.000000000000000000 ) ) ;
#267 = LINE ( 'NONE', #814, #2286 ) ;
#268 = ORIENTED_EDGE ( 'NONE', *, *, #2877, .F. ) ;
#269 = DIRECTION ( 'NONE',  ( 0.000000000000000000, 1.000000000000000000, 0.000000000000000000 ) ) ;
#270 = VECTOR ( 'NONE', #316, 1000.000000000000000 ) ;
#271 = DIRECTION ( 'NONE',  ( 3.556056688181320082E-15, -1.000000000000000000, -1.215876089842782104E-16 ) ) ;
#272 = AXIS2_PLACEMENT_3D ( 'NONE', #1528, #2640, #939 ) ;
#273 = ORIENTED_EDGE ( 'NONE', *, *, #1883, .T. ) ;
#274 = LINE ( 'NONE', #2582, #3403 ) ;
#275 = AXIS2_PLACEMENT_3D ( 'NONE', #2642, #2623, #1550 ) ;
#276 = AXIS2_PLACEMENT_3D ( 'NONE', #1574, #458, #2972 ) ;
#277 = CARTESIAN_POINT ( 'NONE',  ( -6.475000000000001421, 0.6047999999999771337, -5.285199999999999676 ) ) ;
#278 = ORIENTED_EDGE ( 'NONE', *, *, #1055, .T. ) ;
#279 = CYLINDRICAL_SURFACE ( 'NONE', #1912, 0.7600000000000002309 ) ;
#280 = VECTOR ( 'NONE', #229, 1000.000000000000000 ) ;
#281 = AXIS2_PLACEMENT_3D ( 'NONE', #1981, #1712, #3369 ) ;
#282 = B_SPLINE_CURVE_WITH_KNOTS ( 'NONE', 3,
 ( #2966, #2670, #2693, #3232, #163, #3493 ),
 .UNSPECIFIED., .F., .F.,
 ( 4, 2, 4 ),
 ( 0.000000000000000000, 0.5000000000000000000, 1.000000000000000000 ),
 .UNSPECIFIED. ) ;
#283 = CARTESIAN_POINT ( 'NONE',  ( 5.055000000000000604, 1.880737759548465442E-14, -4.264999999999999680 ) ) ;
#284 = DIRECTION ( 'NONE',  ( 2.697165131359716641E-15, -0.7660444431189699088, 0.6427876096865489108 ) ) ;
#285 = CIRCLE ( 'NONE', #749, 5.500766258163481304 ) ;
#286 = AXIS2_PLACEMENT_3D ( 'NONE', #1490, #1775, #1004 ) ;
#287 = VERTEX_POINT ( 'NONE', #1450 ) ;
#288 = EDGE_CURVE ( 'NONE', #965, #104, #349, .T. ) ;
#289 = FACE_BOUND ( 'NONE', #2654, .T. ) ;
#290 = DIRECTION ( 'NONE',  ( -0.9659258262890710878, 0.2588190451025108030, 3.062235992845702041E-17 ) ) ;
#291 = ORIENTED_EDGE ( 'NONE', *, *, #3623, .T. ) ;
#292 = CARTESIAN_POINT ( 'NONE',  ( -6.475000000000058265, 16.51085905220554295, 7.029799999999999827 ) ) ;
#293 = VERTEX_POINT ( 'NONE', #1757 ) ;
#294 = DIRECTION ( 'NONE',  ( -3.520899023009863541E-15, 1.000000000000000000, 0.000000000000000000 ) ) ;
#295 = ADVANCED_FACE ( 'NONE', ( #2587 ), #2274, .T. ) ;
#296 = DIRECTION ( 'NONE',  ( -1.000000000000000000, -3.520899023009863541E-15, 0.000000000000000000 ) ) ;
#297 = DIRECTION ( 'NONE',  ( 0.000000000000000000, -1.000000000000000000, 0.000000000000000000 ) ) ;
#298 = VERTEX_POINT ( 'NONE', #1175 ) ;
#299 = FACE_BOUND ( 'NONE', #3261, .T. ) ;
#300 = DIRECTION ( 'NONE',  ( -2.697165131359716641E-15, 0.7660444431189699088, 0.6427876096865489108 ) ) ;
#301 = LINE ( 'NONE', #3029, #2893 ) ;
#302 = VERTEX_POINT ( 'NONE', #1205 ) ;
#303 = EDGE_CURVE ( 'NONE', #3465, #645, #1917, .T. ) ;
#304 = DIRECTION ( 'NONE',  ( 0.000000000000000000, 0.000000000000000000, 1.000000000000000000 ) ) ;
#305 = CARTESIAN_POINT ( 'NONE',  ( 5.232525094538227783, 7.396096527318586134, 0.000000000000000000 ) ) ;
#306 = VERTEX_POINT ( 'NONE', #2879 ) ;
#307 = ADVANCED_FACE ( 'NONE', ( #1468 ), #2077, .F. ) ;
#308 = VERTEX_POINT ( 'NONE', #892 ) ;
#309 = EDGE_CURVE ( 'NONE', #1545, #1036, #2024, .T. ) ;
#310 = CARTESIAN_POINT ( 'NONE',  ( 3.054999999999999272, 0.3048000000000107845, 4.985199999999999854 ) ) ;
#311 = ORIENTED_EDGE ( 'NONE', *, *, #1232, .F. ) ;
#312 = DIRECTION ( 'NONE',  ( 0.000000000000000000, 0.000000000000000000, -1.000000000000000000 ) ) ;
#313 = CARTESIAN_POINT ( 'NONE',  ( -6.475000000000060929, 17.34599999999997522, 6.941056132687144498 ) ) ;
#314 = ADVANCED_FACE ( 'NONE', ( #3174 ), #2319, .T. ) ;
#315 = ORIENTED_EDGE ( 'NONE', *, *, #3416, .T. ) ;
#316 = DIRECTION ( 'NONE',  ( 0.000000000000000000, 0.000000000000000000, 1.000000000000000000 ) ) ;
#317 = LINE ( 'NONE', #597, #1148 ) ;
#318 = ORIENTED_EDGE ( 'NONE', *, *, #1666, .T. ) ;
#319 = EDGE_CURVE ( 'NONE', #2396, #1848, #633, .T. ) ;
#320 = DIRECTION ( 'NONE',  ( -0.000000000000000000, 0.000000000000000000, 1.000000000000000000 ) ) ;
#321 = CARTESIAN_POINT ( 'NONE',  ( 5.808418065140811493, 7.044798468100300859, 0.000000000000000000 ) ) ;
#322 = ORIENTED_EDGE ( 'NONE', *, *, #1368, .T. ) ;
#323 = EDGE_LOOP ( 'NONE', ( #1599, #1649, #572, #3455 ) ) ;
#324 = FACE_OUTER_BOUND ( 'NONE', #2094, .T. ) ;
#325 = DIRECTION ( 'NONE',  ( -2.697165131359716641E-15, 0.7660444431189700198, -0.6427876096865489108 ) ) ;
#326 = ORIENTED_EDGE ( 'NONE', *, *, #3349, .T. ) ;
#327 = CIRCLE ( 'NONE', #272, 8.945199999999996265 ) ;
#328 = AXIS2_PLACEMENT_3D ( 'NONE', #1878, #2148, #2712 ) ;
#329 = ORIENTED_EDGE ( 'NONE', *, *, #2216, .T. ) ;
#330 = CIRCLE ( 'NONE', #1623, 0.6048000000000007814 ) ;
#331 = ORIENTED_EDGE ( 'NONE', *, *, #1488, .T. ) ;
#332 = VECTOR ( 'NONE', #2666, 1000.000000000000000 ) ;
#333 = SURFACE_STYLE_FILL_AREA ( #2864 ) ;
#334 = EDGE_CURVE ( 'NONE', #1416, #1728, #1511, .T. ) ;
#335 = CARTESIAN_POINT ( 'NONE',  ( -6.475000000000008527, 2.399799999999977285, -5.285199999999998788 ) ) ;
#336 = VECTOR ( 'NONE', #3245, 1000.000000000000000 ) ;
#337 = DIRECTION ( 'NONE',  ( 0.2588190451025108030, 0.9659258262890708657, 0.000000000000000000 ) ) ;
#338 = VERTEX_POINT ( 'NONE', #932 ) ;
#339 = ORIENTED_EDGE ( 'NONE', *, *, #1648, .T. ) ;
#340 = AXIS2_PLACEMENT_3D ( 'NONE', #535, #3099, #2334 ) ;
#341 = CARTESIAN_POINT ( 'NONE',  ( -6.474999999999999645, -2.274361106536459120E-14, -0.9549999999999997380 ) ) ;
#342 = ORIENTED_EDGE ( 'NONE', *, *, #2743, .F. ) ;
#343 = CARTESIAN_POINT ( 'NONE',  ( -4.542600000000000193, -0.1000000000000153821, 3.324999999999999734 ) ) ;
#344 = DIRECTION ( 'NONE',  ( 1.000000000000000000, 2.941768416672979712E-17, 0.000000000000000000 ) ) ;
#345 = EDGE_CURVE ( 'NONE', #3096, #3609, #1228, .T. ) ;
#346 = ORIENTED_EDGE ( 'NONE', *, *, #1992, .F. ) ;
#347 = PRODUCT_DEFINITION ( 'UNKNOWN', '', #682, #1512 ) ;
#348 = VECTOR ( 'NONE', #1564, 999.9999999999998863 ) ;
#349 = LINE ( 'NONE', #83, #1852 ) ;
#350 = EDGE_CURVE ( 'NONE', #949, #716, #611, .T. ) ;
#351 = FACE_OUTER_BOUND ( 'NONE', #2834, .T. ) ;
#352 = VERTEX_POINT ( 'NONE', #470 ) ;
#353 = EDGE_CURVE ( 'NONE', #2728, #2379, #3527, .T. ) ;
#354 = DIRECTION ( 'NONE',  ( -2.791525169969826371E-15, 0.7928444274392943969, -0.6094240837696336399 ) ) ;
#355 = ORIENTED_EDGE ( 'NONE', *, *, #2618, .T. ) ;
#356 = ORIENTED_EDGE ( 'NONE', *, *, #3365, .T. ) ;
#357 = VECTOR ( 'NONE', #234, 1000.000000000000227 ) ;
#358 = CARTESIAN_POINT ( 'NONE',  ( -6.475000000000034284, 9.971464282045239713, -0.07000000000000235201 ) ) ;
#359 = DIRECTION ( 'NONE',  ( -2.263190266948215415E-15, 0.6427876096865489108, 0.7660444431189700198 ) ) ;
#360 = VECTOR ( 'NONE', #284, 999.9999999999998863 ) ;
#361 = EDGE_CURVE ( 'NONE', #392, #3206, #3507, .T. ) ;
#362 = ORIENTED_EDGE ( 'NONE', *, *, #2542, .F. ) ;
#363 = CARTESIAN_POINT ( 'NONE',  ( 4.710058062690118064, 9.436201475754286250, 0.000000000000000000 ) ) ;
#364 = EDGE_CURVE ( 'NONE', #2392, #1435, #967, .T. ) ;
#365 = ORIENTED_EDGE ( 'NONE', *, *, #414, .F. ) ;
#366 = DIRECTION ( 'NONE',  ( 1.000000000000000000, 3.520899023009863935E-15, 0.000000000000000000 ) ) ;
#367 = EDGE_CURVE ( 'NONE', #3609, #1227, #3505, .T. ) ;
#368 = ORIENTED_EDGE ( 'NONE', *, *, #250, .T. ) ;
#369 = ORIENTED_EDGE ( 'NONE', *, *, #1664, .F. ) ;
#370 = LINE ( 'NONE', #181, #210 ) ;
#371 = FACE_OUTER_BOUND ( 'NONE', #1174, .T. ) ;
#372 = CARTESIAN_POINT ( 'NONE',  ( -4.531822690360980843, -0.04780133412368679779, 1.755000000000001226 ) ) ;
#373 = DIRECTION ( 'NONE',  ( -3.520899023009863541E-15, 1.000000000000000000, 0.000000000000000000 ) ) ;
#374 = CYLINDRICAL_SURFACE ( 'NONE', #2981, 0.4047999999999998821 ) ;
#375 = EDGE_LOOP ( 'NONE', ( #172, #1363, #1687, #2455 ) ) ;
#376 = FACE_OUTER_BOUND ( 'NONE', #2766, .T. ) ;
#377 = EDGE_LOOP ( 'NONE', ( #3299, #2700, #1138, #2731 ) ) ;
#378 = CARTESIAN_POINT ( 'NONE',  ( 3.177399999999998670, 0.3048000000000112286, -0.7850000000000002531 ) ) ;
#379 = FACE_OUTER_BOUND ( 'NONE', #169, .T. ) ;
#380 = CARTESIAN_POINT ( 'NONE',  ( 3.054999999999940652, 16.89961699854401544, -6.566496320801628706 ) ) ;
#381 = VERTEX_POINT ( 'NONE', #138 ) ;
#382 = VECTOR ( 'NONE', #1267, 1000.000000000000000 ) ;
#383 = CIRCLE ( 'NONE', #3627, 0.4000000000000001887 ) ;
#384 = VECTOR ( 'NONE', #1735, 1000.000000000000000 ) ;
#385 = EDGE_CURVE ( 'NONE', #1475, #144, #2211, .T. ) ;
#386 = LINE ( 'NONE', #3478, #852 ) ;
#387 = ORIENTED_EDGE ( 'NONE', *, *, #1463, .T. ) ;
#388 = CYLINDRICAL_SURFACE ( 'NONE', #275, 9.249999999999996447 ) ;
#389 = DIRECTION ( 'NONE',  ( -1.000000000000000000, -3.520899023009863541E-15, 0.000000000000000000 ) ) ;
#390 = AXIS2_PLACEMENT_3D ( 'NONE', #1647, #1405, #548 ) ;
#391 = VECTOR ( 'NONE', #691, 1000.000000000000000 ) ;
#392 = VERTEX_POINT ( 'NONE', #3544 ) ;
#393 = FACE_OUTER_BOUND ( 'NONE', #240, .T. ) ;
#394 = LINE ( 'NONE', #174, #1897 ) ;
#395 = ORIENTED_EDGE ( 'NONE', *, *, #2855, .T. ) ;
#396 = DIRECTION ( 'NONE',  ( -3.520899023009863541E-15, 1.000000000000000000, 0.000000000000000000 ) ) ;
#397 = SURFACE_STYLE_FILL_AREA ( #102 ) ;
#398 = EDGE_CURVE ( 'NONE', #1730, #352, #1276, .T. ) ;
#399 = CARTESIAN_POINT ( 'NONE',  ( 4.710058062690118064, 9.436201475754286250, 0.000000000000000000 ) ) ;
#400 = ORIENTED_EDGE ( 'NONE', *, *, #2309, .T. ) ;
#401 = EDGE_CURVE ( 'NONE', #2405, #927, #1956, .T. ) ;
#402 = VERTEX_POINT ( 'NONE', #2965 ) ;
#403 = CARTESIAN_POINT ( 'NONE',  ( -6.475000000000001421, 0.6047999999999772447, 5.589999999999999858 ) ) ;
#404 = EDGE_CURVE ( 'NONE', #298, #2287, #1816, .T. ) ;
#405 = DIRECTION ( 'NONE',  ( 1.000000000000000000, 3.520899023009863541E-15, 0.000000000000000000 ) ) ;
#406 = PLANE ( 'NONE',  #969 ) ;
#407 = LINE ( 'NONE', #1554, #148 ) ;
#408 = EDGE_CURVE ( 'NONE', #3340, #1845, #1539, .T. ) ;
#409 = EDGE_LOOP ( 'NONE', ( #362, #1961, #3626, #2617 ) ) ;
#410 = CARTESIAN_POINT ( 'NONE',  ( -6.475000000000056488, 16.09672020854134900, 6.589036959162287488 ) ) ;
#411 = ORIENTED_EDGE ( 'NONE', *, *, #454, .T. ) ;
#412 = CARTESIAN_POINT ( 'NONE',  ( 0.1875999999999997947, 7.147307653409249167E-16, 6.512297604710335573E-16 ) ) ;
#413 = CARTESIAN_POINT ( 'NONE',  ( 5.054999999999999716, 0.3048000000000177234, 4.264999999999999680 ) ) ;
#414 = EDGE_CURVE ( 'NONE', #338, #1036, #2685, .T. ) ;
#415 = ORIENTED_EDGE ( 'NONE', *, *, #3633, .F. ) ;
#416 = FACE_OUTER_BOUND ( 'NONE', #2771, .T. ) ;
#417 = ORIENTED_EDGE ( 'NONE', *, *, #2164, .T. ) ;
#418 = DIRECTION ( 'NONE',  ( 0.000000000000000000, 1.000000000000000000, 0.000000000000000000 ) ) ;
#419 = CARTESIAN_POINT ( 'NONE',  ( -4.442600000000000549, 0.3047999999999843612, -1.755000000000000560 ) ) ;
#420 = ADVANCED_FACE ( 'NONE', ( #2668 ), #3248, .F. ) ;
#421 = CARTESIAN_POINT ( 'NONE',  ( 1.772600000000000176, 6.295355716811560482E-15, -1.584999999999999520 ) ) ;
#422 = FACE_OUTER_BOUND ( 'NONE', #2706, .T. ) ;
#423 = LINE ( 'NONE', #1018, #1979 ) ;
#424 = ORIENTED_EDGE ( 'NONE', *, *, #2805, .F. ) ;
#425 = PLANE ( 'NONE',  #746 ) ;
#426 = ORIENTED_EDGE ( 'NONE', *, *, #2855, .F. ) ;
#427 = DIRECTION ( 'NONE',  ( 1.000000000000000000, 3.520899023009863541E-15, -0.000000000000000000 ) ) ;
#428 = ORIENTED_EDGE ( 'NONE', *, *, #1117, .F. ) ;
#429 = DIRECTION ( 'NONE',  ( -1.000000000000000000, -3.520899023009863541E-15, 0.000000000000000000 ) ) ;
#430 = VECTOR ( 'NONE', #2268, 1000.000000000000000 ) ;
#431 = CARTESIAN_POINT ( 'NONE',  ( -4.847399999999999487, -0.1000000000000150352, -1.755000000000001004 ) ) ;
#432 = VECTOR ( 'NONE', #3255, 1000.000000000000000 ) ;
#433 = DIRECTION ( 'NONE',  ( -0.000000000000000000, 0.000000000000000000, 1.000000000000000000 ) ) ;
#434 = ORIENTED_EDGE ( 'NONE', *, *, #3352, .T. ) ;
#435 = COLOUR_RGB ( '',0.7921568627450980005, 0.8196078431372548767, 0.9333333333333333481 ) ;
#436 = CARTESIAN_POINT ( 'NONE',  ( 3.054999999999938876, 17.34600000000001074, 6.941056132687144498 ) ) ;
#437 = EDGE_CURVE ( 'NONE', #2560, #3151, #1850, .T. ) ;
#438 = CIRCLE ( 'NONE', #1858, 0.8048000000000012921 ) ;
#439 = CARTESIAN_POINT ( 'NONE',  ( 3.054999999999941984, 16.51085905220557848, 6.424999999999979394 ) ) ;
#440 = CARTESIAN_POINT ( 'NONE',  ( 3.054999999999991722, 2.399800000000011035, -5.889999999999999680 ) ) ;
#441 = ORIENTED_EDGE ( 'NONE', *, *, #2915, .F. ) ;
#442 = AXIS2_PLACEMENT_3D ( 'NONE', #2860, #863, #894 ) ;
#443 = AXIS2_PLACEMENT_3D ( 'NONE', #629, #2061, #2599 ) ;
#444 = DIRECTION ( 'NONE',  ( -0.000000000000000000, -1.000000000000000000, -0.000000000000000000 ) ) ;
#445 = CIRCLE ( 'NONE', #1863, 0.2999999999999999334 ) ;
#446 = VECTOR ( 'NONE', #624, 1000.000000000000114 ) ;
#447 = ORIENTED_EDGE ( 'NONE', *, *, #3591, .F. ) ;
#448 = CARTESIAN_POINT ( 'NONE',  ( -4.442599999999999660, 0.3047999999999843612, -3.325000000000000622 ) ) ;
#449 = AXIS2_PLACEMENT_3D ( 'NONE', #2217, #2535, #5 ) ;
#450 = ADVANCED_FACE ( 'NONE', ( #2985 ), #1583, .F. ) ;
#451 = ADVANCED_FACE ( 'NONE', ( #3003 ), #1291, .F. ) ;
#452 = AXIS2_PLACEMENT_3D ( 'NONE', #2489, #3651, #256 ) ;
#453 = VERTEX_POINT ( 'NONE', #2385 ) ;
#454 = EDGE_CURVE ( 'NONE', #1581, #2106, #1462, .T. ) ;
#455 = PLANE ( 'NONE',  #966 ) ;
#456 = LINE ( 'NONE', #2657, #1876 ) ;
#457 = VERTEX_POINT ( 'NONE', #2335 ) ;
#458 = DIRECTION ( 'NONE',  ( 1.000000000000000000, 3.520899023009863541E-15, 0.000000000000000000 ) ) ;
#459 = EDGE_CURVE ( 'NONE', #2346, #3169, #1236, .T. ) ;
#460 = CARTESIAN_POINT ( 'NONE',  ( 5.509094223799399614, 9.532348515436963154, 0.000000000000000000 ) ) ;
#461 = CARTESIAN_POINT ( 'NONE',  ( 5.054999999999995275, 1.420000000000017470, -4.264999999999999680 ) ) ;
#462 = LINE ( 'NONE', #2140, #2038 ) ;
#463 = ORIENTED_EDGE ( 'NONE', *, *, #385, .T. ) ;
#464 = DIRECTION ( 'NONE',  ( 1.000000000000000000, 3.520899023009863541E-15, 1.711110155826401300E-15 ) ) ;
#465 = ADVANCED_FACE ( 'NONE', ( #2612 ), #2366, .T. ) ;
#466 = ORIENTED_EDGE ( 'NONE', *, *, #3315, .T. ) ;
#467 = ADVANCED_FACE ( 'NONE', ( #2036 ), #374, .T. ) ;
#468 = ORIENTED_EDGE ( 'NONE', *, *, #1125, .T. ) ;
#469 = EDGE_CURVE ( 'NONE', #1730, #1527, #77, .T. ) ;
#470 = CARTESIAN_POINT ( 'NONE',  ( 5.054999999999999716, 0.3048000000000177234, 4.264999999999999680 ) ) ;
#471 = ORIENTED_EDGE ( 'NONE', *, *, #3349, .F. ) ;
#472 = AXIS2_PLACEMENT_3D ( 'NONE', #277, #768, #3339 ) ;
#473 = LINE ( 'NONE', #3309, #1497 ) ;
#474 = CARTESIAN_POINT ( 'NONE',  ( 3.054999999999938876, 16.51085905220557848, 7.029799999999999827 ) ) ;
#475 = ORIENTED_EDGE ( 'NONE', *, *, #1177, .F. ) ;
#476 = DIRECTION ( 'NONE',  ( 0.000000000000000000, 0.000000000000000000, 1.000000000000000000 ) ) ;
#477 = APPLICATION_PROTOCOL_DEFINITION ( 'draft international standard', 'automotive_design', 1998, #2267 ) ;
#478 = CARTESIAN_POINT ( 'NONE',  ( 21.56999999999998607, 4.190000000000076774, 2.540000000000009361 ) ) ;
#479 = ORIENTED_EDGE ( 'NONE', *, *, #575, .F. ) ;
#480 = CARTESIAN_POINT ( 'NONE',  ( -4.445800000000000196, 0.3047999999999843612, 1.755000000000005222 ) ) ;
#481 = ORIENTED_EDGE ( 'NONE', *, *, #1762, .F. ) ;
#482 = ORIENTED_EDGE ( 'NONE', *, *, #2205, .F. ) ;
#483 = DIRECTION ( 'NONE',  ( -0.1194669976176408049, 0.9928381723524869473, 1.298127462218448460E-16 ) ) ;
#484 = ORIENTED_EDGE ( 'NONE', *, *, #364, .F. ) ;
#485 = DIRECTION ( 'NONE',  ( 0.000000000000000000, -0.000000000000000000, -1.000000000000000000 ) ) ;
#486 = CARTESIAN_POINT ( 'NONE',  ( -4.847399999999999487, -0.1000000000000150352, -1.755000000000001004 ) ) ;
#487 = ORIENTED_EDGE ( 'NONE', *, *, #1370, .F. ) ;
#488 = CARTESIAN_POINT ( 'NONE',  ( -6.475000000000034284, 9.971464282045239713, -0.07000000000000235201 ) ) ;
#489 = CARTESIAN_POINT ( 'NONE',  ( -4.847399999999999487, -3.695200000000017582, 2.540000000000000924 ) ) ;
#490 = EDGE_CURVE ( 'NONE', #1048, #287, #2085, .T. ) ;
#491 = AXIS2_PLACEMENT_3D ( 'NONE', #2298, #1438, #573 ) ;
#492 = VECTOR ( 'NONE', #1675, 1000.000000000000000 ) ;
#493 = DIRECTION ( 'NONE',  ( 4.165776792494369969E-31, -1.183157132672674163E-16, 1.000000000000000000 ) ) ;
#494 = VERTEX_POINT ( 'NONE', #3167 ) ;
#495 = CARTESIAN_POINT ( 'NONE',  ( 3.172600000000000087, 1.122461434902536944E-14, -1.584999999999999964 ) ) ;
#496 = CIRCLE ( 'NONE', #2572, 5.500766258163480416 ) ;
#497 = CIRCLE ( 'NONE', #2577, 9.249999999999996447 ) ;
#498 = CIRCLE ( 'NONE', #443, 0.7850000000000001421 ) ;
#499 = EDGE_LOOP ( 'NONE', ( #1542, #2328, #1464, #1667 ) ) ;
#500 = VECTOR ( 'NONE', #841, 1000.000000000000000 ) ;
#501 = AXIS2_PLACEMENT_3D ( 'NONE', #292, #2257, #1378 ) ;
#502 = CARTESIAN_POINT ( 'NONE',  ( 3.125201334123671515, -0.01077730963900766850, 0.7850000000000003642 ) ) ;
#503 = ORIENTED_EDGE ( 'NONE', *, *, #3297, .T. ) ;
#504 = CARTESIAN_POINT ( 'NONE',  ( -4.447399999999998244, -1.560463620630978222E-14, 3.325000000000002398 ) ) ;
#505 = LINE ( 'NONE', #2474, #2181 ) ;
#506 = EDGE_CURVE ( 'NONE', #1945, #1416, #1733, .T. ) ;
#507 = ORIENTED_EDGE ( 'NONE', *, *, #563, .T. ) ;
#508 = DIRECTION ( 'NONE',  ( -3.520899023009863935E-15, 1.000000000000000000, 0.000000000000000000 ) ) ;
#509 = VECTOR ( 'NONE', #2549, 1000.000000000000000 ) ;
#510 = FACE_OUTER_BOUND ( 'NONE', #921, .T. ) ;
#511 = CARTESIAN_POINT ( 'NONE',  ( 4.868359816404250751, 14.85721304444741797, -4.264999999999997904 ) ) ;
#512 = DIRECTION ( 'NONE',  ( 0.000000000000000000, 0.000000000000000000, -1.000000000000000000 ) ) ;
#513 = ORIENTED_EDGE ( 'NONE', *, *, #3252, .T. ) ;
#514 = CARTESIAN_POINT ( 'NONE',  ( 3.077399999999999913, -2.910199999999990350, -2.168404344971008868E-16 ) ) ;
#515 = CARTESIAN_POINT ( 'NONE',  ( 2.772600000000000176, -0.09999999999998865352, 0.7850000000000002531 ) ) ;
#516 = EDGE_CURVE ( 'NONE', #2237, #2462, #383, .T. ) ;
#517 = EDGE_CURVE ( 'NONE', #244, #3442, #2873, .T. ) ;
#518 = ORIENTED_EDGE ( 'NONE', *, *, #2887, .T. ) ;
#519 = DIRECTION ( 'NONE',  ( 4.165776792494369969E-31, -1.183157132672674163E-16, 1.000000000000000000 ) ) ;
#520 = CARTESIAN_POINT ( 'NONE',  ( -6.475000000000000533, 0.3047999999999772003, -4.985199999999999854 ) ) ;
#521 = FACE_OUTER_BOUND ( 'NONE', #3568, .T. ) ;
#522 = LINE ( 'NONE', #1969, #2638 ) ;
#523 = ORIENTED_EDGE ( 'NONE', *, *, #3129, .T. ) ;
#524 = CARTESIAN_POINT ( 'NONE',  ( -6.475000000000000533, 0.3047999999999772003, 4.985199999999999854 ) ) ;
#525 = CARTESIAN_POINT ( 'NONE',  ( 3.077399999999999913, -0.09999999999998865352, 0.7850000000000002531 ) ) ;
#526 = ORIENTED_EDGE ( 'NONE', *, *, #1549, .F. ) ;
#527 = CARTESIAN_POINT ( 'NONE',  ( -6.475000000000001421, 0.6047999999999771337, -5.285199999999999676 ) ) ;
#528 = CARTESIAN_POINT ( 'NONE',  ( 1.772599999999999953, 6.295355716811559694E-15, 6.512297604710335573E-16 ) ) ;
#529 = SHAPE_DEFINITION_REPRESENTATION ( #258, #132 ) ;
#530 = CARTESIAN_POINT ( 'NONE',  ( 4.168762691123541586, 9.371068068653146454, 0.000000000000000000 ) ) ;
#531 = ORIENTED_EDGE ( 'NONE', *, *, #2643, .T. ) ;
#532 = DIRECTION ( 'NONE',  ( 1.000000000000000000, 3.520899023009863935E-15, 0.000000000000000000 ) ) ;
#533 = EDGE_LOOP ( 'NONE', ( #778, #531, #209, #1517 ) ) ;
#534 = DIRECTION ( 'NONE',  ( 2.697165131359716641E-15, -0.7660444431189700198, -0.6427876096865489108 ) ) ;
#535 = CARTESIAN_POINT ( 'NONE',  ( -6.475000000000058265, 16.51085905220554295, 7.029799999999999827 ) ) ;
#536 = DIRECTION ( 'NONE',  ( 0.000000000000000000, 0.000000000000000000, 1.000000000000000000 ) ) ;
#537 = ADVANCED_FACE ( 'NONE', ( #926 ), #406, .T. ) ;
#538 = ORIENTED_EDGE ( 'NONE', *, *, #2877, .T. ) ;
#539 = CARTESIAN_POINT ( 'NONE',  ( 5.009381904031529942, 6.948651428417623954, 0.000000000000000000 ) ) ;
#540 = DIRECTION ( 'NONE',  ( -3.628521326926045512E-15, 1.000000000000000000, 0.000000000000000000 ) ) ;
#541 = FACE_OUTER_BOUND ( 'NONE', #2988, .T. ) ;
#542 = EDGE_LOOP ( 'NONE', ( #1617, #650, #1682, #1653 ) ) ;
#543 = DIRECTION ( 'NONE',  ( 1.000000000000000000, 2.941768416672979096E-17, 0.000000000000000000 ) ) ;
#544 = CARTESIAN_POINT ( 'NONE',  ( -4.847400000000011921, -0.1000000000000164507, -1.755000000000001004 ) ) ;
#545 = ORIENTED_EDGE ( 'NONE', *, *, #2482, .T. ) ;
#546 = ADVANCED_FACE ( 'NONE', ( #1221 ), #642, .F. ) ;
#547 = VERTEX_POINT ( 'NONE', #2314 ) ;
#548 = DIRECTION ( 'NONE',  ( 0.000000000000000000, 1.000000000000000000, 0.000000000000000000 ) ) ;
#549 = DIRECTION ( 'NONE',  ( -0.9928381723524870583, -0.1194669976176413601, 0.000000000000000000 ) ) ;
#550 = DIRECTION ( 'NONE',  ( 1.000000000000000000, 3.520899023009863935E-15, 0.000000000000000000 ) ) ;
#551 = VECTOR ( 'NONE', #2464, 1000.000000000000000 ) ;
#552 = CIRCLE ( 'NONE', #2622, 5.500766258163480416 ) ;
#553 = VERTEX_POINT ( 'NONE', #1478 ) ;
#554 = AXIS2_PLACEMENT_3D ( 'NONE', #3382, #3362, #3324 ) ;
#555 = DIRECTION ( 'NONE',  ( -3.233207273813626199E-15, 1.000000000000000000, 1.215876089842781365E-16 ) ) ;
#556 = DIRECTION ( 'NONE',  ( -0.000000000000000000, -0.000000000000000000, 1.000000000000000000 ) ) ;
#557 = TOROIDAL_SURFACE ( 'NONE', #3108, 2.505493963273511149, 0.5000000000000008882 ) ;
#558 = DIRECTION ( 'NONE',  ( -0.9928381723524870583, -0.1194669976176413601, 0.000000000000000000 ) ) ;
#559 = AXIS2_PLACEMENT_3D ( 'NONE', #996, #2122, #3256 ) ;
#560 = ORIENTED_EDGE ( 'NONE', *, *, #2805, .T. ) ;
#561 = CARTESIAN_POINT ( 'NONE',  ( -4.847399999999999487, -3.695200000000017582, -1.755000000000001004 ) ) ;
#562 = AXIS2_PLACEMENT_3D ( 'NONE', #661, #1794, #121 ) ;
#563 = EDGE_CURVE ( 'NONE', #287, #1834, #2663, .T. ) ;
#564 = DIRECTION ( 'NONE',  ( -2.697165131359716641E-15, 0.7660444431189699088, 0.6427876096865489108 ) ) ;
#565 = AXIS2_PLACEMENT_3D ( 'NONE', #2242, #856, #2486 ) ;
#566 = EDGE_CURVE ( 'NONE', #1194, #402, #2625, .T. ) ;
#567 =( GEOMETRIC_REPRESENTATION_CONTEXT ( 3 ) GLOBAL_UNCERTAINTY_ASSIGNED_CONTEXT ( ( #2361 ) ) GLOBAL_UNIT_ASSIGNED_CONTEXT ( ( #1958, #2252, #1977 ) ) REPRESENTATION_CONTEXT ( 'NONE', 'WORKASPACE' ) );
#568 = ORIENTED_EDGE ( 'NONE', *, *, #779, .F. ) ;
#569 = DIRECTION ( 'NONE',  ( -1.000000000000000000, -3.520899023009863935E-15, -0.000000000000000000 ) ) ;
#570 = PLANE ( 'NONE',  #2277 ) ;
#571 = AXIS2_PLACEMENT_3D ( 'NONE', #3305, #2230, #2529 ) ;
#572 = ORIENTED_EDGE ( 'NONE', *, *, #437, .T. ) ;
#573 = DIRECTION ( 'NONE',  ( 0.000000000000000000, 1.000000000000000000, 0.000000000000000000 ) ) ;
#574 = FACE_OUTER_BOUND ( 'NONE', #2510, .T. ) ;
#575 = EDGE_CURVE ( 'NONE', #2450, #1058, #585, .T. ) ;
#576 = CARTESIAN_POINT ( 'NONE',  ( 3.054999999999938876, 17.34600000000001074, 6.941056132687144498 ) ) ;
#577 = ORIENTED_EDGE ( 'NONE', *, *, #3375, .F. ) ;
#578 = DIRECTION ( 'NONE',  ( 3.944304526105059027E-31, 1.000000000000000000, -5.868165038349772568E-17 ) ) ;
#579 = CARTESIAN_POINT ( 'NONE',  ( 3.177400000000000002, -0.09999999999998865352, -0.7850000000000002531 ) ) ;
#580 = ADVANCED_FACE ( 'NONE', ( #2744 ), #1843, .F. ) ;
#581 = ORIENTED_EDGE ( 'NONE', *, *, #3532, .F. ) ;
#582 = DIRECTION ( 'NONE',  ( -2.697165131359716641E-15, 0.7660444431189700198, 0.6427876096865489108 ) ) ;
#583 = DIRECTION ( 'NONE',  ( -1.000000000000000000, -2.941768416672979712E-17, -1.205564220626218677E-31 ) ) ;
#584 = DIRECTION ( 'NONE',  ( 0.000000000000000000, 0.000000000000000000, -1.000000000000000000 ) ) ;
#585 = B_SPLINE_CURVE_WITH_KNOTS ( 'NONE', 3,
 ( #3485, #941, #2644, #1607, #1000, #1052 ),
 .UNSPECIFIED., .F., .F.,
 ( 4, 2, 4 ),
 ( 0.007485989102517407075, 0.5037429945512587048, 1.000000000000000000 ),
 .UNSPECIFIED. ) ;
#586 = ORIENTED_EDGE ( 'NONE', *, *, #2324, .F. ) ;
#587 = DIRECTION ( 'NONE',  ( 0.2588190451025103589, 0.9659258262890709767, 0.000000000000000000 ) ) ;
#588 = FACE_OUTER_BOUND ( 'NONE', #2762, .T. ) ;
#589 = CARTESIAN_POINT ( 'NONE',  ( 3.077399999999999913, 1.073170022213406871E-15, 0.000000000000000000 ) ) ;
#590 = ORIENTED_EDGE ( 'NONE', *, *, #78, .F. ) ;
#591 = VERTEX_POINT ( 'NONE', #2438 ) ;
#592 = DIRECTION ( 'NONE',  ( 0.000000000000000000, 0.000000000000000000, -1.000000000000000000 ) ) ;
#593 = ORIENTED_EDGE ( 'NONE', *, *, #3304, .F. ) ;
#594 = DIRECTION ( 'NONE',  ( -1.000000000000000000, -3.520899023009863541E-15, 0.000000000000000000 ) ) ;
#595 = EDGE_LOOP ( 'NONE', ( #1962, #1505, #2594, #1158 ) ) ;
#596 = DIRECTION ( 'NONE',  ( -1.000000000000000000, -3.520899023009863935E-15, -0.000000000000000000 ) ) ;
#597 = CARTESIAN_POINT ( 'NONE',  ( 3.077399999999999913, -0.09999999999998900047, 0.7850000000000002531 ) ) ;
#598 = EDGE_LOOP ( 'NONE', ( #1882, #1292, #268 ) ) ;
#599 = CARTESIAN_POINT ( 'NONE',  ( -6.475000000000034284, 9.971464282045239713, 0.07000000000000235201 ) ) ;
#600 = CARTESIAN_POINT ( 'NONE',  ( -6.475000000000010303, 2.879312309715264639, 5.521420314136127772 ) ) ;
#601 = ORIENTED_EDGE ( 'NONE', *, *, #251, .T. ) ;
#602 = EDGE_LOOP ( 'NONE', ( #526, #3133, #3022, #1455 ) ) ;
#603 = CARTESIAN_POINT ( 'NONE',  ( -6.475000000000034284, 9.971464282045239713, -0.07000000000000235201 ) ) ;
#604 = ADVANCED_FACE ( 'NONE', ( #2461 ), #3538, .F. ) ;
#605 = CYLINDRICAL_SURFACE ( 'NONE', #43, 0.4048000000000002707 ) ;
#606 = CARTESIAN_POINT ( 'NONE',  ( 5.054999999999999716, 0.3048000000000192777, -4.264999999999999680 ) ) ;
#607 = ADVANCED_FACE ( 'NONE', ( #2422 ), #714, .T. ) ;
#608 = EDGE_LOOP ( 'NONE', ( #1151, #1332, #2940, #1988 ) ) ;
#609 = AXIS2_PLACEMENT_3D ( 'NONE', #1568, #1027, #1333 ) ;
#610 = AXIS2_PLACEMENT_3D ( 'NONE', #1407, #2169, #271 ) ;
#611 = CIRCLE ( 'NONE', #1203, 0.6048000000000207654 ) ;
#612 = VERTEX_POINT ( 'NONE', #1300 ) ;
#613 = ADVANCED_FACE ( 'NONE', ( #171 ), #2125, .F. ) ;
#614 = VECTOR ( 'NONE', #3460, 1000.000000000000000 ) ;
#615 = AXIS2_PLACEMENT_3D ( 'NONE', #1982, #2254, #58 ) ;
#616 = LINE ( 'NONE', #1695, #745 ) ;
#617 = ORIENTED_EDGE ( 'NONE', *, *, #833, .T. ) ;
#618 = AXIS2_PLACEMENT_3D ( 'NONE', #685, #2088, #905 ) ;
#619 = EDGE_CURVE ( 'NONE', #3230, #2396, #1034, .T. ) ;
#620 = ADVANCED_FACE ( 'NONE', ( #775 ), #1591, .F. ) ;
#621 = CARTESIAN_POINT ( 'NONE',  ( 2.772600000000000620, -2.910199999999990350, 2.168404344971008868E-16 ) ) ;
#622 = ORIENTED_EDGE ( 'NONE', *, *, #2914, .T. ) ;
#623 = ORIENTED_EDGE ( 'NONE', *, *, #3241, .T. ) ;
#624 = DIRECTION ( 'NONE',  ( 2.410947503385667860E-15, -0.6847533790743745019, -0.7287748691099507070 ) ) ;
#625 = CIRCLE ( 'NONE', #2635, 2.087911636061258847 ) ;
#626 = CARTESIAN_POINT ( 'NONE',  ( -6.475000000000060929, 17.34599999999997522, -6.941056132687144498 ) ) ;
#627 = AXIS2_PLACEMENT_3D ( 'NONE', #2430, #767, #1615 ) ;
#628 = EDGE_LOOP ( 'NONE', ( #1495, #2732, #2118, #3116 ) ) ;
#629 = CARTESIAN_POINT ( 'NONE',  ( -4.542599999999999305, -2.910200000000017440, -2.540000000000000924 ) ) ;
#630 = ADVANCED_FACE ( 'NONE', ( #422 ), #3553, .F. ) ;
#631 = ORIENTED_EDGE ( 'NONE', *, *, #1602, .F. ) ;
#632 =( BOUNDED_CURVE ( )  B_SPLINE_CURVE ( 3, ( #2776, #2496, #2152, #2245 ),
 .UNSPECIFIED., .F., .T. ) 
 B_SPLINE_CURVE_WITH_KNOTS ( ( 4, 4 ),
 ( 4.712388980384689674, 7.853981633974482790 ),
 .UNSPECIFIED. ) 
 CURVE ( )  GEOMETRIC_REPRESENTATION_ITEM ( )  RATIONAL_B_SPLINE_CURVE ( ( 1.000000000000000000, 0.3333333333333333703, 0.3333333333333333703, 1.000000000000000000 ) ) 
 REPRESENTATION_ITEM ( '' )  );
#633 = LINE ( 'NONE', #2892, #2390 ) ;
#634 = LINE ( 'NONE', #3233, #1394 ) ;
#635 = EDGE_LOOP ( 'NONE', ( #1683, #1937, #475, #1114 ) ) ;
#636 = FILL_AREA_STYLE_COLOUR ( '', #923 ) ;
#637 = DIRECTION ( 'NONE',  ( -0.000000000000000000, 0.000000000000000000, -1.000000000000000000 ) ) ;
#638 = ORIENTED_EDGE ( 'NONE', *, *, #251, .F. ) ;
#639 = CYLINDRICAL_SURFACE ( 'NONE', #1086, 0.6048000000000207654 ) ;
#640 = FACE_OUTER_BOUND ( 'NONE', #533, .T. ) ;
#641 = CARTESIAN_POINT ( 'NONE',  ( -4.542599999999999305, -0.1000000000000150352, 1.755000000000001004 ) ) ;
#642 = PLANE ( 'NONE',  #1374 ) ;
#643 = ORIENTED_EDGE ( 'NONE', *, *, #717, .F. ) ;
#644 = CARTESIAN_POINT ( 'NONE',  ( -6.475000000000056488, 16.09672020854136321, -6.589036959162299922 ) ) ;
#645 = VERTEX_POINT ( 'NONE', #439 ) ;
#646 = CARTESIAN_POINT ( 'NONE',  ( 3.175799999999997958, 0.3048000000000112286, -0.7849999999999983658 ) ) ;
#647 = EDGE_CURVE ( 'NONE', #1359, #3147, #1577, .T. ) ;
#648 = ORIENTED_EDGE ( 'NONE', *, *, #3006, .F. ) ;
#649 = B_SPLINE_CURVE_WITH_KNOTS ( 'NONE', 3,
 ( #1508, #710, #105, #1231, #2939, #431 ),
 .UNSPECIFIED., .F., .F.,
 ( 4, 2, 4 ),
 ( 0.007485989102518716791, 0.5037429945512593710, 1.000000000000000000 ),
 .UNSPECIFIED. ) ;
#650 = ORIENTED_EDGE ( 'NONE', *, *, #261, .F. ) ;
#651 = LINE ( 'NONE', #1764, #1436 ) ;
#652 = UNCERTAINTY_MEASURE_WITH_UNIT (LENGTH_MEASURE( 1.000000000000000082E-05 ), #2651, 'distance_accuracy_value', 'NONE');
#653 = FACE_OUTER_BOUND ( 'NONE', #975, .T. ) ;
#654 = CARTESIAN_POINT ( 'NONE',  ( 3.172600000000000087, 1.122461434902536944E-14, -0.7850000000000001421 ) ) ;
#655 = ADVANCED_FACE ( 'NONE', ( #1017 ), #697, .T. ) ;
#656 = ORIENTED_EDGE ( 'NONE', *, *, #1327, .T. ) ;
#657 = DIRECTION ( 'NONE',  ( -1.000000000000000000, 0.000000000000000000, 0.000000000000000000 ) ) ;
#658 = VERTEX_POINT ( 'NONE', #1035 ) ;
#659 = CARTESIAN_POINT ( 'NONE',  ( 1.772599999999999953, 6.295355716811559694E-15, 6.512297604710335573E-16 ) ) ;
#660 = DIRECTION ( 'NONE',  ( 1.000000000000000000, 3.520899023009863541E-15, 0.000000000000000000 ) ) ;
#661 = CARTESIAN_POINT ( 'NONE',  ( 3.172600000000000531, 1.122461434902537102E-14, 1.585000000000000853 ) ) ;
#662 = DIRECTION ( 'NONE',  ( -0.000000000000000000, 0.000000000000000000, 1.000000000000000000 ) ) ;
#663 = VECTOR ( 'NONE', #208, 1000.000000000000000 ) ;
#664 = CYLINDRICAL_SURFACE ( 'NONE', #3120, 0.3000000000000007661 ) ;
#665 = VECTOR ( 'NONE', #1008, 1000.000000000000000 ) ;
#666 = ORIENTED_EDGE ( 'NONE', *, *, #3416, .F. ) ;
#667 = EDGE_CURVE ( 'NONE', #381, #788, #3159, .T. ) ;
#668 = CARTESIAN_POINT ( 'NONE',  ( 2.772600000000000176, -3.695199999999990492, -2.168404344971008868E-16 ) ) ;
#669 = VECTOR ( 'NONE', #2137, 1000.000000000000000 ) ;
#670 = ADVANCED_FACE ( 'NONE', ( #1828 ), #1553, .F. ) ;
#671 = EDGE_CURVE ( 'NONE', #494, #2682, #1152, .T. ) ;
#672 = VECTOR ( 'NONE', #583, 1000.000000000000000 ) ;
#673 = ORIENTED_EDGE ( 'NONE', *, *, #2754, .T. ) ;
#674 = CARTESIAN_POINT ( 'NONE',  ( -6.474999999999999645, -2.268940095674031598E-14, -4.985199999999996301 ) ) ;
#675 = CIRCLE ( 'NONE', #2158, 1.833353449392670198 ) ;
#676 = VECTOR ( 'NONE', #2780, 1000.000000000000000 ) ;
#677 = CARTESIAN_POINT ( 'NONE',  ( -6.475000000000000533, 0.3047999999999772003, -4.125000000000000888 ) ) ;
#678 = VECTOR ( 'NONE', #818, 1000.000000000000000 ) ;
#679 = DIRECTION ( 'NONE',  ( 0.000000000000000000, 0.000000000000000000, -1.000000000000000000 ) ) ;
#680 = DIRECTION ( 'NONE',  ( 0.000000000000000000, 0.000000000000000000, -1.000000000000000000 ) ) ;
#681 = ADVANCED_FACE ( 'NONE', ( #2403 ), #3013, .F. ) ;
#682 = PRODUCT_DEFINITION_FORMATION_WITH_SPECIFIED_SOURCE ( 'ANY', '', #1427, .NOT_KNOWN. ) ;
#683 = ORIENTED_EDGE ( 'NONE', *, *, #1822, .F. ) ;
#684 = CARTESIAN_POINT ( 'NONE',  ( -6.474999999999999645, -2.268940095674031598E-14, 4.985199999999999854 ) ) ;
#685 = CARTESIAN_POINT ( 'NONE',  ( -6.475000000000008527, 2.399799999999977285, -5.889999999999999680 ) ) ;
#686 = CARTESIAN_POINT ( 'NONE',  ( 3.172600002569666788, 0.3047857702954093195, 0.7850000000000004752 ) ) ;
#687 = VERTEX_POINT ( 'NONE', #530 ) ;
#688 = EDGE_LOOP ( 'NONE', ( #962, #56, #331, #471 ) ) ;
#689 = CARTESIAN_POINT ( 'NONE',  ( -4.446202566376125986, -8.631692253147574951E-05, -1.755000000000001226 ) ) ;
#690 = VECTOR ( 'NONE', #344, 1000.000000000000000 ) ;
#691 = DIRECTION ( 'NONE',  ( 1.000000000000000000, 3.520899023009863541E-15, -0.000000000000000000 ) ) ;
#692 = EDGE_LOOP ( 'NONE', ( #878, #2773, #1990, #3110, #2526, #1797 ) ) ;
#693 = ORIENTED_EDGE ( 'NONE', *, *, #2597, .F. ) ;
#694 = CARTESIAN_POINT ( 'NONE',  ( -4.447399997430331098, 0.3047857702953830072, 3.325000000000000622 ) ) ;
#695 = CARTESIAN_POINT ( 'NONE',  ( 4.410734221348707074, 11.92375152309094766, 3.068345162405922160E-16 ) ) ;
#696 = DIRECTION ( 'NONE',  ( -1.000000000000000000, -3.520899023009863541E-15, 0.000000000000000000 ) ) ;
#697 = PLANE ( 'NONE',  #3576 ) ;
#698 = DIRECTION ( 'NONE',  ( -0.000000000000000000, -0.000000000000000000, 1.000000000000000000 ) ) ;
#699 = VERTEX_POINT ( 'NONE', #2849 ) ;
#700 = CARTESIAN_POINT ( 'NONE',  ( -6.475000000000008527, 2.399799999999977285, -5.589999999999998970 ) ) ;
#701 = LINE ( 'NONE', #3281, #2786 ) ;
#702 = VECTOR ( 'NONE', #3069, 1000.000000000000000 ) ;
#703 = ORIENTED_EDGE ( 'NONE', *, *, #2052, .F. ) ;
#704 = CARTESIAN_POINT ( 'NONE',  ( 3.054999999999938876, 17.34600000000001074, -6.941056132687144498 ) ) ;
#705 = CARTESIAN_POINT ( 'NONE',  ( -4.531822690360979067, -0.04780133412368678392, -1.755000000000000782 ) ) ;
#706 = LINE ( 'NONE', #2669, #1987 ) ;
#707 = FACE_OUTER_BOUND ( 'NONE', #1423, .T. ) ;
#708 = EDGE_CURVE ( 'NONE', #2878, #2787, #2518, .T. ) ;
#709 = ORIENTED_EDGE ( 'NONE', *, *, #454, .F. ) ;
#710 = CARTESIAN_POINT ( 'NONE',  ( -4.553356229179298609, 0.3035513407999411717, -1.755000000000000560 ) ) ;
#711 = ORIENTED_EDGE ( 'NONE', *, *, #1970, .T. ) ;
#712 = CARTESIAN_POINT ( 'NONE',  ( -4.442599999999999660, 0.3047999999999851939, 3.324999999999999734 ) ) ;
#713 = CARTESIAN_POINT ( 'NONE',  ( 3.054999999999965077, 9.971464282045271688, -0.07000000000000235201 ) ) ;
#714 = PLANE ( 'NONE',  #1980 ) ;
#715 = CARTESIAN_POINT ( 'NONE',  ( 3.054999999999961968, 9.971464282045271688, -9.319999999999998508 ) ) ;
#716 = VERTEX_POINT ( 'NONE', #3330 ) ;
#717 = EDGE_CURVE ( 'NONE', #927, #2945, #2477, .T. ) ;
#718 = DIRECTION ( 'NONE',  ( 1.000000000000000000, 3.520899023009863541E-15, -0.000000000000000000 ) ) ;
#719 = EDGE_CURVE ( 'NONE', #927, #1435, #795, .T. ) ;
#720 = EDGE_CURVE ( 'NONE', #60, #1677, #2279, .T. ) ;
#721 = EDGE_LOOP ( 'NONE', ( #3161, #2120, #2896, #3617 ) ) ;
#722 = DIRECTION ( 'NONE',  ( 0.000000000000000000, 1.000000000000000000, 0.000000000000000000 ) ) ;
#723 = DIRECTION ( 'NONE',  ( 0.000000000000000000, 0.000000000000000000, -1.000000000000000000 ) ) ;
#724 = CARTESIAN_POINT ( 'NONE',  ( 3.065925072157092757, 0.3035600588191010862, -0.7850000000000003642 ) ) ;
#725 = DIRECTION ( 'NONE',  ( -3.520899023009863541E-15, 1.000000000000000000, 0.000000000000000000 ) ) ;
#726 = ORIENTED_EDGE ( 'NONE', *, *, #3188, .F. ) ;
#727 = DIRECTION ( 'NONE',  ( 3.473329164191640949E-15, 0.6427876096865438038, -0.7660444431189742387 ) ) ;
#728 = DIRECTION ( 'NONE',  ( 1.000000000000000000, 3.520899023009863935E-15, 0.000000000000000000 ) ) ;
#729 = EDGE_CURVE ( 'NONE', #2615, #2201, #1375, .T. ) ;
#730 = LINE ( 'NONE', #2435, #915 ) ;
#731 = AXIS2_PLACEMENT_3D ( 'NONE', #1701, #28, #269 ) ;
#732 = ORIENTED_EDGE ( 'NONE', *, *, #2359, .F. ) ;
#733 = VECTOR ( 'NONE', #130, 1000.000000000000114 ) ;
#734 = CYLINDRICAL_SURFACE ( 'NONE', #3109, 1.585000000000000187 ) ;
#735 = CARTESIAN_POINT ( 'NONE',  ( 3.706991464558230476, 12.03266780686042203, 1.720441354243201715E-15 ) ) ;
#736 = CARTESIAN_POINT ( 'NONE',  ( 3.054999999999997939, 0.6048000000000106624, 5.285199999999999676 ) ) ;
#737 = AXIS2_PLACEMENT_3D ( 'NONE', #3182, #1767, #110 ) ;
#738 = EDGE_CURVE ( 'NONE', #1862, #553, #1928, .T. ) ;
#739 = VECTOR ( 'NONE', #3426, 1000.000000000000000 ) ;
#740 = LINE ( 'NONE', #3034, #3249 ) ;
#741 = EDGE_CURVE ( 'NONE', #2098, #3195, #267, .T. ) ;
#742 = EDGE_CURVE ( 'NONE', #2817, #3355, #2097, .T. ) ;
#743 = CARTESIAN_POINT ( 'NONE',  ( -6.475000000000010303, 2.879312309715264639, 5.521420314136127772 ) ) ;
#744 = ORIENTED_EDGE ( 'NONE', *, *, #566, .T. ) ;
#745 = VECTOR ( 'NONE', #2307, 1000.000000000000000 ) ;
#746 = AXIS2_PLACEMENT_3D ( 'NONE', #495, #2481, #2768 ) ;
#747 = FACE_OUTER_BOUND ( 'NONE', #1840, .T. ) ;
#748 = DIRECTION ( 'NONE',  ( 1.000000000000000000, 3.520899023009863541E-15, -0.000000000000000000 ) ) ;
#749 = AXIS2_PLACEMENT_3D ( 'NONE', #735, #1841, #1032 ) ;
#750 = CIRCLE ( 'NONE', #3644, 1.585000000000000187 ) ;
#751 = ORIENTED_EDGE ( 'NONE', *, *, #947, .T. ) ;
#752 = EDGE_LOOP ( 'NONE', ( #1957, #82, #2344, #1700, #2354 ) ) ;
#753 = CARTESIAN_POINT ( 'NONE',  ( 3.054999999999999272, 0.3048000000000107845, 4.985199999999999854 ) ) ;
#754 = EDGE_CURVE ( 'NONE', #302, #2736, #2872, .T. ) ;
#755 = CARTESIAN_POINT ( 'NONE',  ( 2.814231141804141689, 0.1082330676566298083, -0.7850000000000003642 ) ) ;
#756 = ORIENTED_EDGE ( 'NONE', *, *, #188, .T. ) ;
#757 = CARTESIAN_POINT ( 'NONE',  ( -6.475000000000008527, 2.399799999999977285, 5.889999999999999680 ) ) ;
#758 = ORIENTED_EDGE ( 'NONE', *, *, #1650, .T. ) ;
#759 = LINE ( 'NONE', #3012, #357 ) ;
#760 = DIRECTION ( 'NONE',  ( 0.000000000000000000, 0.000000000000000000, -1.000000000000000000 ) ) ;
#761 = VERTEX_POINT ( 'NONE', #1108 ) ;
#762 = CARTESIAN_POINT ( 'NONE',  ( -4.847399999999999487, -2.910200000000017440, 3.324999999999999734 ) ) ;
#763 = CARTESIAN_POINT ( 'NONE',  ( -6.475000000000059153, 16.70369533511153293, -6.799986667064274570 ) ) ;
#764 = ORIENTED_EDGE ( 'NONE', *, *, #2239, .T. ) ;
#765 = ORIENTED_EDGE ( 'NONE', *, *, #3024, .F. ) ;
#766 = AXIS2_PLACEMENT_3D ( 'NONE', #1265, #2195, #1298 ) ;
#767 = DIRECTION ( 'NONE',  ( 1.000000000000000000, 3.520899023009863935E-15, 0.000000000000000000 ) ) ;
#768 = DIRECTION ( 'NONE',  ( 1.701333201047079371E-30, -4.832098818876900487E-16, 1.000000000000000000 ) ) ;
#769 = ORIENTED_EDGE ( 'NONE', *, *, #2703, .F. ) ;
#770 = DIRECTION ( 'NONE',  ( -3.520899023009863541E-15, 1.000000000000000000, 0.000000000000000000 ) ) ;
#771 = ADVANCED_FACE ( 'NONE', ( #588 ), #3131, .T. ) ;
#772 = CARTESIAN_POINT ( 'NONE',  ( 3.054999999999943761, 17.15007833656754954, -7.174546478949806350 ) ) ;
#773 = ORIENTED_EDGE ( 'NONE', *, *, #2597, .T. ) ;
#774 = DIRECTION ( 'NONE',  ( 2.697165131359716641E-15, -0.7660444431189700198, 0.6427876096865489108 ) ) ;
#775 = FACE_OUTER_BOUND ( 'NONE', #1823, .T. ) ;
#776 = ORIENTED_EDGE ( 'NONE', *, *, #2709, .F. ) ;
#777 = DIRECTION ( 'NONE',  ( -2.263190266948215415E-15, 0.6427876096865489108, 0.7660444431189700198 ) ) ;
#778 = ORIENTED_EDGE ( 'NONE', *, *, #2284, .F. ) ;
#779 = EDGE_CURVE ( 'NONE', #2346, #2416, #1507, .T. ) ;
#780 = LINE ( 'NONE', #3081, #2527 ) ;
#781 = DIRECTION ( 'NONE',  ( -1.000000000000000000, -3.520899023009858413E-15, 0.000000000000000000 ) ) ;
#782 = ORIENTED_EDGE ( 'NONE', *, *, #1050, .T. ) ;
#783 = DIRECTION ( 'NONE',  ( -3.520899023009863541E-15, 1.000000000000000000, 0.000000000000000000 ) ) ;
#784 = B_SPLINE_CURVE_WITH_KNOTS ( 'NONE', 3,
 ( #2751, #2713, #755, #1345, #724, #1009 ),
 .UNSPECIFIED., .F., .F.,
 ( 4, 2, 4 ),
 ( 0.000000000000000000, 0.4962827613643847058, 0.9925655227287694116 ),
 .UNSPECIFIED. ) ;
#785 = DIRECTION ( 'NONE',  ( 1.000000000000000000, 3.520899023009863935E-15, 0.000000000000000000 ) ) ;
#786 = LINE ( 'NONE', #1104, #3491 ) ;
#787 = ADVANCED_FACE ( 'NONE', ( #3057 ), #3088, .F. ) ;
#788 = VERTEX_POINT ( 'NONE', #1645 ) ;
#789 = ADVANCED_FACE ( 'NONE', ( #25, #289, #3606 ), #1072, .T. ) ;
#790 = AXIS2_PLACEMENT_3D ( 'NONE', #2511, #1351, #3083 ) ;
#791 = LINE ( 'NONE', #1923, #1316 ) ;
#792 = EDGE_CURVE ( 'NONE', #2396, #1581, #8, .T. ) ;
#793 = AXIS2_PLACEMENT_3D ( 'NONE', #2676, #2382, #1783 ) ;
#794 = AXIS2_PLACEMENT_3D ( 'NONE', #3231, #1306, #2130 ) ;
#795 = LINE ( 'NONE', #2793, #1625 ) ;
#796 = ORIENTED_EDGE ( 'NONE', *, *, #3204, .F. ) ;
#797 = CARTESIAN_POINT ( 'NONE',  ( 6.151932457802873344, 4.190000000000021707, 3.300000000000009592 ) ) ;
#798 = CIRCLE ( 'NONE', #3402, 8.945199999999996265 ) ;
#799 = VECTOR ( 'NONE', #727, 1000.000000000000114 ) ;
#800 = AXIS2_PLACEMENT_3D ( 'NONE', #2111, #3259, #3277 ) ;
#801 = AXIS2_PLACEMENT_3D ( 'NONE', #2501, #247, #2521 ) ;
#802 = ORIENTED_EDGE ( 'NONE', *, *, #93, .T. ) ;
#803 = LINE ( 'NONE', #1949, #3050 ) ;
#804 = LINE ( 'NONE', #520, #1160 ) ;
#805 = AXIS2_PLACEMENT_3D ( 'NONE', #2782, #3414, #1358 ) ;
#806 = DIRECTION ( 'NONE',  ( 1.000000000000000000, 3.520899023009863935E-15, 0.000000000000000000 ) ) ;
#807 = EDGE_LOOP ( 'NONE', ( #3048, #1145, #1592, #3284 ) ) ;
#808 = CARTESIAN_POINT ( 'NONE',  ( 4.410734221348707074, 11.92375152309094766, 3.068345162405922160E-16 ) ) ;
#809 = PLANE ( 'NONE',  #3512 ) ;
#810 = EDGE_CURVE ( 'NONE', #2829, #2803, #2196, .T. ) ;
#811 = ORIENTED_EDGE ( 'NONE', *, *, #2494, .F. ) ;
#812 = DIRECTION ( 'NONE',  ( 1.000000000000000000, 3.520899023009863541E-15, -2.138887694783002364E-16 ) ) ;
#813 = CARTESIAN_POINT ( 'NONE',  ( 3.054999999999961968, 9.971464282045271688, -0.07000000000000235201 ) ) ;
#814 = CARTESIAN_POINT ( 'NONE',  ( -4.442599999999998772, -1.477458426163521200E-14, 1.755000000000001004 ) ) ;
#815 = ORIENTED_EDGE ( 'NONE', *, *, #984, .T. ) ;
#816 = CARTESIAN_POINT ( 'NONE',  ( 3.054999999999965077, 9.971464282045271688, 0.07000000000000235201 ) ) ;
#817 = ORIENTED_EDGE ( 'NONE', *, *, #1368, .F. ) ;
#818 = DIRECTION ( 'NONE',  ( 3.520899023009863541E-15, -1.000000000000000000, -4.832098818876899501E-16 ) ) ;
#819 = FACE_OUTER_BOUND ( 'NONE', #166, .T. ) ;
#820 = VERTEX_POINT ( 'NONE', #2220 ) ;
#821 = CARTESIAN_POINT ( 'NONE',  ( -4.847399999999999487, -1.589458219481007229E-14, 3.324999999999999734 ) ) ;
#822 = DIRECTION ( 'NONE',  ( 1.000000000000000000, 3.520899023009863935E-15, 0.000000000000000000 ) ) ;
#823 = DIRECTION ( 'NONE',  ( 0.000000000000000000, 0.000000000000000000, 1.000000000000000000 ) ) ;
#824 = EDGE_CURVE ( 'NONE', #302, #1486, #46, .T. ) ;
#825 = VECTOR ( 'NONE', #1939, 1000.000000000000000 ) ;
#826 = ORIENTED_EDGE ( 'NONE', *, *, #1322, .F. ) ;
#827 = LINE ( 'NONE', #3405, #2050 ) ;
#828 = DIRECTION ( 'NONE',  ( -0.000000000000000000, -0.000000000000000000, -1.000000000000000000 ) ) ;
#829 = ORIENTED_EDGE ( 'NONE', *, *, #2033, .T. ) ;
#830 = ORIENTED_EDGE ( 'NONE', *, *, #1005, .T. ) ;
#831 = CARTESIAN_POINT ( 'NONE',  ( 5.844933786229046468, 4.190000000000020819, 3.300000000000009592 ) ) ;
#832 = DIRECTION ( 'NONE',  ( 1.000000000000000000, 3.520899023009863541E-15, 0.000000000000000000 ) ) ;
#833 = EDGE_CURVE ( 'NONE', #716, #645, #2836, .T. ) ;
#834 = EDGE_LOOP ( 'NONE', ( #3009, #356, #1179, #2581 ) ) ;
#835 = FACE_OUTER_BOUND ( 'NONE', #595, .T. ) ;
#836 = FACE_OUTER_BOUND ( 'NONE', #199, .T. ) ;
#837 = ADVANCED_FACE ( 'NONE', ( #393 ), #3246, .F. ) ;
#838 = EDGE_LOOP ( 'NONE', ( #1243, #3067, #1636, #3234 ) ) ;
#839 = DIRECTION ( 'NONE',  ( 1.000000000000000000, 3.520899023009863541E-15, 0.000000000000000000 ) ) ;
#840 = CARTESIAN_POINT ( 'NONE',  ( -4.847399999999999487, -2.910200000000017440, 2.539999999999999591 ) ) ;
#841 = DIRECTION ( 'NONE',  ( -0.000000000000000000, -0.000000000000000000, 1.000000000000000000 ) ) ;
#842 = EDGE_CURVE ( 'NONE', #1520, #1371, #498, .T. ) ;
#843 = EDGE_LOOP ( 'NONE', ( #1126, #703, #899, #74 ) ) ;
#844 = CARTESIAN_POINT ( 'NONE',  ( -6.474999999999999645, -2.274361106536459120E-14, 4.125000000000000888 ) ) ;
#845 = CARTESIAN_POINT ( 'NONE',  ( -6.475000000000000533, 0.3047999999999772003, 4.125000000000000888 ) ) ;
#846 = DIRECTION ( 'NONE',  ( 1.000000000000000000, 3.520899023009863935E-15, 0.000000000000000000 ) ) ;
#847 = ORIENTED_EDGE ( 'NONE', *, *, #2103, .T. ) ;
#848 = ORIENTED_EDGE ( 'NONE', *, *, #3367, .T. ) ;
#849 = DIRECTION ( 'NONE',  ( 1.000000000000000000, 3.520899023009863935E-15, 0.000000000000000000 ) ) ;
#850 = ADVANCED_FACE ( 'NONE', ( #1238 ), #3487, .T. ) ;
#851 = VECTOR ( 'NONE', #1954, 1000.000000000000000 ) ;
#852 = VECTOR ( 'NONE', #2674, 1000.000000000000000 ) ;
#853 = VERTEX_POINT ( 'NONE', #3203 ) ;
#854 = VECTOR ( 'NONE', #1637, 1000.000000000000000 ) ;
#855 = DIRECTION ( 'NONE',  ( -2.263190266948215021E-15, 0.6427876096865489108, -0.7660444431189700198 ) ) ;
#856 = DIRECTION ( 'NONE',  ( 1.000000000000000000, 3.520899023009863935E-15, 0.000000000000000000 ) ) ;
#857 = VECTOR ( 'NONE', #1605, 1000.000000000000000 ) ;
#858 = CIRCLE ( 'NONE', #565, 0.3000000000000007661 ) ;
#859 = EDGE_LOOP ( 'NONE', ( #518, #817, #1273, #2610 ) ) ;
#860 = DIRECTION ( 'NONE',  ( -2.697165131359717036E-15, 0.7660444431189700198, 0.6427876096865489108 ) ) ;
#861 = VECTOR ( 'NONE', #300, 999.9999999999998863 ) ;
#862 = AXIS2_PLACEMENT_3D ( 'NONE', #1518, #982, #2946 ) ;
#863 = DIRECTION ( 'NONE',  ( 1.000000000000000000, 3.520899023009863935E-15, 0.000000000000000000 ) ) ;
#864 = VECTOR ( 'NONE', #777, 1000.000000000000114 ) ;
#865 = VECTOR ( 'NONE', #296, 1000.000000000000000 ) ;
#866 = EDGE_LOOP ( 'NONE', ( #538, #1412, #79, #590 ) ) ;
#867 = FACE_OUTER_BOUND ( 'NONE', #3076, .T. ) ;
#868 = DIRECTION ( 'NONE',  ( -1.000000000000000000, -3.520899023009863541E-15, 0.000000000000000000 ) ) ;
#869 = CARTESIAN_POINT ( 'NONE',  ( 3.054999999999987725, 2.637653328231801098, 5.707172774869110121 ) ) ;
#870 = ORIENTED_EDGE ( 'NONE', *, *, #3585, .F. ) ;
#871 = ORIENTED_EDGE ( 'NONE', *, *, #516, .T. ) ;
#872 = CYLINDRICAL_SURFACE ( 'NONE', #491, 0.7850000000000001421 ) ;
#873 = FACE_OUTER_BOUND ( 'NONE', #890, .T. ) ;
#874 = VERTEX_POINT ( 'NONE', #700 ) ;
#875 = CARTESIAN_POINT ( 'NONE',  ( -4.847399999999999487, -3.695200000000017582, 2.540000000000000924 ) ) ;
#876 = VERTEX_POINT ( 'NONE', #2041 ) ;
#877 = LINE ( 'NONE', #2011, #1451 ) ;
#878 = ORIENTED_EDGE ( 'NONE', *, *, #2164, .F. ) ;
#879 = AXIS2_PLACEMENT_3D ( 'NONE', #2500, #774, #2764 ) ;
#880 = EDGE_CURVE ( 'NONE', #2392, #2615, #2628, .T. ) ;
#881 = AXIS2_PLACEMENT_3D ( 'NONE', #2865, #2276, #1959 ) ;
#882 = EDGE_CURVE ( 'NONE', #1141, #3307, #974, .T. ) ;
#883 = CARTESIAN_POINT ( 'NONE',  ( -6.475000000000008527, 2.399799999999977285, 5.589999999999998970 ) ) ;
#884 = ORIENTED_EDGE ( 'NONE', *, *, #619, .F. ) ;
#885 = ORIENTED_EDGE ( 'NONE', *, *, #3177, .F. ) ;
#886 = FACE_OUTER_BOUND ( 'NONE', #635, .T. ) ;
#887 = DIRECTION ( 'NONE',  ( 2.138887694783002364E-16, 7.530807594889292150E-31, 1.000000000000000000 ) ) ;
#888 = ORIENTED_EDGE ( 'NONE', *, *, #1400, .F. ) ;
#889 = CARTESIAN_POINT ( 'NONE',  ( -4.447399999999999132, 0.3047999999999843612, 3.725000000000003197 ) ) ;
#890 = EDGE_LOOP ( 'NONE', ( #3554, #758, #1673, #51 ) ) ;
#891 = VERTEX_POINT ( 'NONE', #3185 ) ;
#892 = CARTESIAN_POINT ( 'NONE',  ( 3.055000000000000604, 1.086476673254368577E-14, -4.264999999999997016 ) ) ;
#893 = ADVANCED_FACE ( 'NONE', ( #376, #1200 ), #3444, .T. ) ;
#894 = DIRECTION ( 'NONE',  ( 0.000000000000000000, 0.000000000000000000, -1.000000000000000000 ) ) ;
#895 = ADVANCED_FACE ( 'NONE', ( #2926 ), #2353, .F. ) ;
#896 = ORIENTED_EDGE ( 'NONE', *, *, #1281, .T. ) ;
#897 = PRESENTATION_STYLE_ASSIGNMENT (( #1373 ) ) ;
#898 = FACE_OUTER_BOUND ( 'NONE', #2428, .T. ) ;
#899 = ORIENTED_EDGE ( 'NONE', *, *, #2145, .F. ) ;
#900 = ORIENTED_EDGE ( 'NONE', *, *, #261, .T. ) ;
#901 = FACE_OUTER_BOUND ( 'NONE', #117, .T. ) ;
#902 = ADVANCED_FACE ( 'NONE', ( #1832 ), #2369, .T. ) ;
#903 = LINE ( 'NONE', #1440, #2515 ) ;
#904 = EDGE_LOOP ( 'NONE', ( #2937, #931, #387, #934 ) ) ;
#905 = DIRECTION ( 'NONE',  ( -0.000000000000000000, 0.000000000000000000, 1.000000000000000000 ) ) ;
#906 = AXIS2_PLACEMENT_3D ( 'NONE', #3559, #1252, #723 ) ;
#907 = VERTEX_POINT ( 'NONE', #644 ) ;
#908 = DIRECTION ( 'NONE',  ( 0.000000000000000000, 0.000000000000000000, -1.000000000000000000 ) ) ;
#909 = AXIS2_PLACEMENT_3D ( 'NONE', #1284, #2058, #2109 ) ;
#910 = AXIS2_PLACEMENT_3D ( 'NONE', #1286, #1516, #2645 ) ;
#911 = PLANE ( 'NONE',  #1930 ) ;
#912 = AXIS2_PLACEMENT_3D ( 'NONE', #478, #2177, #304 ) ;
#913 = DIRECTION ( 'NONE',  ( 1.000000000000000000, 3.523657060577887833E-15, 0.000000000000000000 ) ) ;
#914 = EDGE_LOOP ( 'NONE', ( #871, #2372, #447, #2304 ) ) ;
#915 = VECTOR ( 'NONE', #2718, 1000.000000000000000 ) ;
#916 = VECTOR ( 'NONE', #464, 1000.000000000000000 ) ;
#917 = VECTOR ( 'NONE', #2017, 1000.000000000000000 ) ;
#918 = EDGE_CURVE ( 'NONE', #1555, #3502, #1772, .T. ) ;
#919 = CYLINDRICAL_SURFACE ( 'NONE', #2810, 0.7850000000000001421 ) ;
#920 = ORIENTED_EDGE ( 'NONE', *, *, #3306, .T. ) ;
#921 = EDGE_LOOP ( 'NONE', ( #1811, #2856, #2128, #1166 ) ) ;
#922 = CARTESIAN_POINT ( 'NONE',  ( -4.542599999999999305, -2.910200000000017440, -3.325000000000000178 ) ) ;
#923 = COLOUR_RGB ( '',0.7921568627450980005, 0.8196078431372548767, 0.9333333333333333481 ) ;
#924 = CYLINDRICAL_SURFACE ( 'NONE', #909, 5.500766258163480416 ) ;
#925 = LINE ( 'NONE', #2826, #865 ) ;
#926 = FACE_OUTER_BOUND ( 'NONE', #176, .T. ) ;
#927 = VERTEX_POINT ( 'NONE', #1186 ) ;
#928 = EDGE_CURVE ( 'NONE', #3389, #381, #2961, .T. ) ;
#929 = DIRECTION ( 'NONE',  ( -1.000000000000000000, -3.520899023009863541E-15, 0.000000000000000000 ) ) ;
#930 = DIRECTION ( 'NONE',  ( 1.000000000000000000, 3.520899023009863935E-15, 0.000000000000000000 ) ) ;
#931 = ORIENTED_EDGE ( 'NONE', *, *, #1232, .T. ) ;
#932 = CARTESIAN_POINT ( 'NONE',  ( 3.054999999999991722, 2.399800000000011035, 5.285199999999998788 ) ) ;
#933 = DIRECTION ( 'NONE',  ( -4.165776792494369969E-31, 1.183157132672674163E-16, -1.000000000000000000 ) ) ;
#934 = ORIENTED_EDGE ( 'NONE', *, *, #2606, .F. ) ;
#935 = CARTESIAN_POINT ( 'NONE',  ( -6.475000000000034284, 9.971464282045239713, 0.07000000000000235201 ) ) ;
#936 = EDGE_CURVE ( 'NONE', #1403, #949, #3165, .T. ) ;
#937 = ORIENTED_EDGE ( 'NONE', *, *, #2922, .F. ) ;
#938 = FACE_OUTER_BOUND ( 'NONE', #3526, .T. ) ;
#939 = DIRECTION ( 'NONE',  ( 0.000000000000000000, 0.000000000000000000, 1.000000000000000000 ) ) ;
#940 = CARTESIAN_POINT ( 'NONE',  ( -4.494798665876327703, -0.01077730963903366507, 3.325000000000000178 ) ) ;
#941 = CARTESIAN_POINT ( 'NONE',  ( -4.553356229179298609, 0.3035513407999412827, 3.324999999999999734 ) ) ;
#942 = CYLINDRICAL_SURFACE ( 'NONE', #1092, 1.499999999999999556 ) ;
#943 = VECTOR ( 'NONE', #3326, 1000.000000000000114 ) ;
#944 = ORIENTED_EDGE ( 'NONE', *, *, #3188, .T. ) ;
#945 = CARTESIAN_POINT ( 'NONE',  ( -4.847399999999999487, -2.910200000000017440, -3.325000000000000178 ) ) ;
#946 = LINE ( 'NONE', #2075, #3018 ) ;
#947 = EDGE_CURVE ( 'NONE', #547, #338, #963, .T. ) ;
#948 = VECTOR ( 'NONE', #1226, 1000.000000000000000 ) ;
#949 = VERTEX_POINT ( 'NONE', #410 ) ;
#950 = EDGE_CURVE ( 'NONE', #612, #64, #1812, .T. ) ;
#951 = DIRECTION ( 'NONE',  ( -3.520899023009863541E-15, 1.000000000000000000, 0.000000000000000000 ) ) ;
#952 = ADVANCED_FACE ( 'NONE', ( #2889 ), #154, .F. ) ;
#953 = PLANE ( 'NONE',  #1860 ) ;
#954 = PLANE ( 'NONE',  #1995 ) ;
#955 = CARTESIAN_POINT ( 'NONE',  ( -6.475000000000008527, 2.399799999999977285, -5.889999999999999680 ) ) ;
#956 = ORIENTED_EDGE ( 'NONE', *, *, #1992, .T. ) ;
#957 = EDGE_CURVE ( 'NONE', #2201, #3609, #1115, .T. ) ;
#958 = ORIENTED_EDGE ( 'NONE', *, *, #1652, .T. ) ;
#959 = FACE_OUTER_BOUND ( 'NONE', #542, .T. ) ;
#960 = CARTESIAN_POINT ( 'NONE',  ( -4.542599999999999305, -0.1000000000000150352, 3.324999999999999734 ) ) ;
#961 = DIRECTION ( 'NONE',  ( -1.000000000000000000, 0.000000000000000000, 0.000000000000000000 ) ) ;
#962 = ORIENTED_EDGE ( 'NONE', *, *, #2821, .F. ) ;
#963 = LINE ( 'NONE', #3225, #1155 ) ;
#964 = EDGE_CURVE ( 'NONE', #1763, #86, #3555, .T. ) ;
#965 = VERTEX_POINT ( 'NONE', #1038 ) ;
#966 = AXIS2_PLACEMENT_3D ( 'NONE', #1587, #3480, #2717 ) ;
#967 = LINE ( 'NONE', #2411, #665 ) ;
#968 = LINE ( 'NONE', #1524, #3589 ) ;
#969 = AXIS2_PLACEMENT_3D ( 'NONE', #2903, #111, #1514 ) ;
#970 = ORIENTED_EDGE ( 'NONE', *, *, #882, .T. ) ;
#971 = CIRCLE ( 'NONE', #1569, 1.585000000000000187 ) ;
#972 = AXIS2_PLACEMENT_3D ( 'NONE', #168, #1233, #2171 ) ;
#973 = CARTESIAN_POINT ( 'NONE',  ( 3.054999999999991722, 2.399800000000011035, 5.285199999999998788 ) ) ;
#974 = CIRCLE ( 'NONE', #1448, 0.3999999999999997446 ) ;
#975 = EDGE_LOOP ( 'NONE', ( #1261, #3303, #1629, #577 ) ) ;
#976 = CARTESIAN_POINT ( 'NONE',  ( 3.054999999999991722, 2.399800000000011035, -5.889999999999999680 ) ) ;
#977 = VECTOR ( 'NONE', #1631, 1000.000000000000000 ) ;
#978 = CIRCLE ( 'NONE', #3052, 0.3000000000000007661 ) ;
#979 = DIRECTION ( 'NONE',  ( -2.697165131359716641E-15, 0.7660444431189700198, -0.6427876096865489108 ) ) ;
#980 = CARTESIAN_POINT ( 'NONE',  ( -4.447400000000000020, 0.3047999999999843612, 1.355000000000003757 ) ) ;
#981 = ORIENTED_EDGE ( 'NONE', *, *, #3585, .T. ) ;
#982 = DIRECTION ( 'NONE',  ( -3.520899023009863541E-15, 1.000000000000000000, 0.000000000000000000 ) ) ;
#983 = FACE_OUTER_BOUND ( 'NONE', #2716, .T. ) ;
#984 = EDGE_CURVE ( 'NONE', #2207, #1613, #2127, .T. ) ;
#985 = ORIENTED_EDGE ( 'NONE', *, *, #3020, .F. ) ;
#986 = DIRECTION ( 'NONE',  ( 6.489075306309035824E-31, -1.843016588633038248E-16, 1.000000000000000000 ) ) ;
#987 = CARTESIAN_POINT ( 'NONE',  ( 5.844933786229046468, 4.190000000000020819, 3.300000000000009592 ) ) ;
#988 = ORIENTED_EDGE ( 'NONE', *, *, #2506, .F. ) ;
#989 = AXIS2_PLACEMENT_3D ( 'NONE', #2800, #2468, #2183 ) ;
#990 = DIRECTION ( 'NONE',  ( 1.000000000000000000, 3.520899023009863935E-15, 0.000000000000000000 ) ) ;
#991 = ADVANCED_FACE ( 'NONE', ( #238 ), #425, .F. ) ;
#992 = FACE_OUTER_BOUND ( 'NONE', #1349, .T. ) ;
#993 = ORIENTED_EDGE ( 'NONE', *, *, #2420, .F. ) ;
#994 = EDGE_CURVE ( 'NONE', #1526, #1336, #2425, .T. ) ;
#995 = PLANE ( 'NONE',  #2389 ) ;
#996 = CARTESIAN_POINT ( 'NONE',  ( 3.054999999999938876, 17.34600000000001074, -6.941056132687144498 ) ) ;
#997 = ADVANCED_FACE ( 'NONE', ( #747 ), #1874, .F. ) ;
#998 = CARTESIAN_POINT ( 'NONE',  ( -4.542599999999999305, -2.910200000000017440, 2.540000000000000924 ) ) ;
#999 = CARTESIAN_POINT ( 'NONE',  ( -6.475000000000000533, 0.3047999999999772003, -4.125000000000000888 ) ) ;
#1000 = CARTESIAN_POINT ( 'NONE',  ( -4.847400000000001263, 0.006933026137794798260, 3.324999999999999734 ) ) ;
#1001 = ORIENTED_EDGE ( 'NONE', *, *, #1697, .F. ) ;
#1002 = CARTESIAN_POINT ( 'NONE',  ( -4.447399996189443705, 0.3047857703162251686, -3.324999999999999734 ) ) ;
#1003 = DIRECTION ( 'NONE',  ( 1.000000000000000000, 3.520899023009863935E-15, 0.000000000000000000 ) ) ;
#1004 = DIRECTION ( 'NONE',  ( -0.000000000000000000, 0.000000000000000000, 1.000000000000000000 ) ) ;
#1005 = EDGE_CURVE ( 'NONE', #287, #1359, #3319, .T. ) ;
#1006 = ORIENTED_EDGE ( 'NONE', *, *, #182, .F. ) ;
#1007 = DIRECTION ( 'NONE',  ( 1.701333201047079371E-30, -4.832098818876900487E-16, -1.000000000000000000 ) ) ;
#1008 = DIRECTION ( 'NONE',  ( -0.000000000000000000, 1.000000000000000000, -0.000000000000000000 ) ) ;
#1009 = CARTESIAN_POINT ( 'NONE',  ( 3.172600003810556402, 0.3047857703162516474, -0.7850000000000001421 ) ) ;
#1010 = VERTEX_POINT ( 'NONE', #3000 ) ;
#1011 = FACE_OUTER_BOUND ( 'NONE', #3238, .T. ) ;
#1012 = EDGE_CURVE ( 'NONE', #1268, #3072, #3596, .T. ) ;
#1013 = EDGE_CURVE ( 'NONE', #949, #3465, #1593, .T. ) ;
#1014 = ORIENTED_EDGE ( 'NONE', *, *, #738, .F. ) ;
#1015 = CARTESIAN_POINT ( 'NONE',  ( 6.464830204740524167, 1.589643136617067132, -4.264999999999999680 ) ) ;
#1016 = PLANE ( 'NONE',  #879 ) ;
#1017 = FACE_OUTER_BOUND ( 'NONE', #3037, .T. ) ;
#1018 = CARTESIAN_POINT ( 'NONE',  ( -4.847399999999999487, -0.1000000000000164507, 3.324999999999999734 ) ) ;
#1019 = ADVANCED_FACE ( 'NONE', ( #1846 ), #196, .T. ) ;
#1020 = VERTEX_POINT ( 'NONE', #797 ) ;
#1021 = DIRECTION ( 'NONE',  ( 0.1194669976176407217, -0.9928381723524869473, -1.298127462218448460E-16 ) ) ;
#1022 = LINE ( 'NONE', #2407, #2365 ) ;
#1023 = ORIENTED_EDGE ( 'NONE', *, *, #947, .F. ) ;
#1024 = DIRECTION ( 'NONE',  ( -3.520899023009863935E-15, 1.000000000000000000, 0.000000000000000000 ) ) ;
#1025 = ORIENTED_EDGE ( 'NONE', *, *, #3476, .F. ) ;
#1026 = DIRECTION ( 'NONE',  ( -1.000000000000000000, -3.520899023009863541E-15, 0.000000000000000000 ) ) ;
#1027 = DIRECTION ( 'NONE',  ( 1.000000000000000000, 3.520899023009863935E-15, 0.000000000000000000 ) ) ;
#1028 = DIRECTION ( 'NONE',  ( 1.000000000000000000, 3.520899023009863935E-15, 0.000000000000000000 ) ) ;
#1029 = VECTOR ( 'NONE', #2000, 1000.000000000000000 ) ;
#1030 = VERTEX_POINT ( 'NONE', #2747 ) ;
#1031 = AXIS2_PLACEMENT_3D ( 'NONE', #461, #493, #1318 ) ;
#1032 = DIRECTION ( 'NONE',  ( 0.2588190451025103589, 0.9659258262890709767, 0.000000000000000000 ) ) ;
#1033 = AXIS2_PLACEMENT_3D ( 'NONE', #488, #2741, #246 ) ;
#1034 = CIRCLE ( 'NONE', #2812, 0.6048000000000000043 ) ;
#1035 = CARTESIAN_POINT ( 'NONE',  ( 3.172600000000000087, 1.127882445764964466E-14, -1.584999999999999964 ) ) ;
#1036 = VERTEX_POINT ( 'NONE', #2167 ) ;
#1037 = AXIS2_PLACEMENT_3D ( 'NONE', #2229, #1670, #1689 ) ;
#1038 = CARTESIAN_POINT ( 'NONE',  ( 6.464830204740524167, 1.589643136617066244, 4.264999999999999680 ) ) ;
#1039 = DIRECTION ( 'NONE',  ( -3.179380886102906277E-15, 0.7928444274392946189, 0.6094240837696333069 ) ) ;
#1040 = CIRCLE ( 'NONE', #96, 8.945199999999996265 ) ;
#1041 = STYLED_ITEM ( 'NONE', ( #897 ), #132 ) ;
#1042 = ADVANCED_FACE ( 'NONE', ( #1341 ), #1302, .F. ) ;
#1043 = EDGE_LOOP ( 'NONE', ( #2888, #581, #1608, #507 ) ) ;
#1044 = CARTESIAN_POINT ( 'NONE',  ( 3.055000000000000604, 1.086476673254368577E-14, 4.985199999999999854 ) ) ;
#1045 = VECTOR ( 'NONE', #3266, 1000.000000000000000 ) ;
#1046 = ORIENTED_EDGE ( 'NONE', *, *, #42, .T. ) ;
#1047 = CARTESIAN_POINT ( 'NONE',  ( 14.78995279771893046, 14.75780954897490282, 2.042868443215875382E-15 ) ) ;
#1048 = VERTEX_POINT ( 'NONE', #1557 ) ;
#1049 = DIRECTION ( 'NONE',  ( -3.520899023009863541E-15, 1.000000000000000000, 0.000000000000000000 ) ) ;
#1050 = EDGE_CURVE ( 'NONE', #3450, #2568, #1551, .T. ) ;
#1051 = LINE ( 'NONE', #2421, #1890 ) ;
#1052 = CARTESIAN_POINT ( 'NONE',  ( -4.847399999999999487, -0.1000000000000150352, 3.324999999999999734 ) ) ;
#1053 = ORIENTED_EDGE ( 'NONE', *, *, #2466, .F. ) ;
#1054 = LINE ( 'NONE', #2180, #864 ) ;
#1055 = EDGE_CURVE ( 'NONE', #1136, #392, #2199, .T. ) ;
#1056 = DIRECTION ( 'NONE',  ( 0.000000000000000000, 0.000000000000000000, -1.000000000000000000 ) ) ;
#1057 = ORIENTED_EDGE ( 'NONE', *, *, #742, .F. ) ;
#1058 = VERTEX_POINT ( 'NONE', #1323 ) ;
#1059 = PLANE ( 'NONE',  #2749 ) ;
#1060 = EDGE_CURVE ( 'NONE', #1613, #3195, #1452, .T. ) ;
#1061 = CARTESIAN_POINT ( 'NONE',  ( 3.054999999999938876, 17.34600000000001074, 6.941056132687144498 ) ) ;
#1062 = ORIENTED_EDGE ( 'NONE', *, *, #2618, .F. ) ;
#1063 = EDGE_CURVE ( 'NONE', #3072, #3147, #1054, .T. ) ;
#1064 = LINE ( 'NONE', #1047, #32 ) ;
#1065 = CYLINDRICAL_SURFACE ( 'NONE', #3164, 0.6048000000000007814 ) ;
#1066 = DIRECTION ( 'NONE',  ( -3.520899023009863541E-15, 1.000000000000000000, 0.000000000000000000 ) ) ;
#1067 = AXIS2_PLACEMENT_3D ( 'NONE', #713, #405, #2384 ) ;
#1068 = VERTEX_POINT ( 'NONE', #2853 ) ;
#1069 = CARTESIAN_POINT ( 'NONE',  ( 2.772600000000000176, -0.09999999999998865352, 0.7850000000000002531 ) ) ;
#1070 = ADVANCED_FACE ( 'NONE', ( #2238 ), #3353, .T. ) ;
#1071 = LINE ( 'NONE', #3276, #2479 ) ;
#1072 = PLANE ( 'NONE',  #2760 ) ;
#1073 = EDGE_LOOP ( 'NONE', ( #2080, #27, #3053, #2478 ) ) ;
#1074 = DIRECTION ( 'NONE',  ( -0.9659258262890709767, 0.2588190451025104144, 3.062235992845697727E-17 ) ) ;
#1075 = CARTESIAN_POINT ( 'NONE',  ( 3.177400000000000002, -0.09999999999998865352, 0.7850000000000002531 ) ) ;
#1076 = LINE ( 'NONE', #2200, #2149 ) ;
#1077 = ORIENTED_EDGE ( 'NONE', *, *, #2506, .T. ) ;
#1078 = DIRECTION ( 'NONE',  ( 1.000000000000000000, -3.944304526105059027E-31, -0.000000000000000000 ) ) ;
#1079 = EDGE_CURVE ( 'NONE', #1371, #2392, #3524, .T. ) ;
#1080 = CARTESIAN_POINT ( 'NONE',  ( 3.151220061220084467, 1.108236732363844891E-14, 0.7850000000000002531 ) ) ;
#1081 = VERTEX_POINT ( 'NONE', #50 ) ;
#1082 = FACE_OUTER_BOUND ( 'NONE', #688, .T. ) ;
#1083 = CARTESIAN_POINT ( 'NONE',  ( 5.209770382457988624, 12.01989856277362634, 3.068345162405924132E-16 ) ) ;
#1084 = DIRECTION ( 'NONE',  ( 1.000000000000000000, 3.520899023009858413E-15, 0.000000000000000000 ) ) ;
#1085 = EDGE_LOOP ( 'NONE', ( #278, #2627, #2444, #3607 ) ) ;
#1086 = AXIS2_PLACEMENT_3D ( 'NONE', #3584, #2620, #2414 ) ;
#1087 = PLANE ( 'NONE',  #449 ) ;
#1088 = CARTESIAN_POINT ( 'NONE',  ( 2.772599999999999287, 0.006933026137825012807, 0.7850000000000003642 ) ) ;
#1089 = CARTESIAN_POINT ( 'NONE',  ( 6.348241047071720544, 9.633322021823394365, 0.000000000000000000 ) ) ;
#1090 = ORIENTED_EDGE ( 'NONE', *, *, #309, .F. ) ;
#1091 = CARTESIAN_POINT ( 'NONE',  ( 3.054999999999988614, 2.399800000000011035, -5.889999999999999680 ) ) ;
#1092 = AXIS2_PLACEMENT_3D ( 'NONE', #2423, #1578, #131 ) ;
#1093 = VECTOR ( 'NONE', #1021, 1000.000000000000114 ) ;
#1094 = ORIENTED_EDGE ( 'NONE', *, *, #1327, .F. ) ;
#1095 = DIRECTION ( 'NONE',  ( 0.000000000000000000, 0.000000000000000000, -1.000000000000000000 ) ) ;
#1096 = ADVANCED_FACE ( 'NONE', ( #3429 ), #1684, .T. ) ;
#1097 = LINE ( 'NONE', #255, #3406 ) ;
#1098 = AXIS2_PLACEMENT_3D ( 'NONE', #1269, #2406, #2463 ) ;
#1099 = FACE_OUTER_BOUND ( 'NONE', #2301, .T. ) ;
#1100 = ORIENTED_EDGE ( 'NONE', *, *, #2426, .T. ) ;
#1101 = CARTESIAN_POINT ( 'NONE',  ( -6.474999999999999645, -2.268940095674031598E-14, 4.985199999999999854 ) ) ;
#1102 = VECTOR ( 'NONE', #1189, 1000.000000000000000 ) ;
#1103 = CARTESIAN_POINT ( 'NONE',  ( 3.088177309639018375, -0.04780133412366063816, -0.7850000000000003642 ) ) ;
#1104 = CARTESIAN_POINT ( 'NONE',  ( 3.055000000000000604, 1.086476673254368577E-14, 4.985199999999999854 ) ) ;
#1105 = VECTOR ( 'NONE', #2629, 999.9999999999998863 ) ;
#1106 = ORIENTED_EDGE ( 'NONE', *, *, #2548, .T. ) ;
#1107 = ADVANCED_FACE ( 'NONE', ( #886 ), #3373, .T. ) ;
#1108 = CARTESIAN_POINT ( 'NONE',  ( -6.475000000000008527, 2.399799999999977285, -5.285199999999998788 ) ) ;
#1109 = ADVANCED_FACE ( 'NONE', ( #873 ), #2820, .T. ) ;
#1110 = ORIENTED_EDGE ( 'NONE', *, *, #3297, .F. ) ;
#1111 = EDGE_CURVE ( 'NONE', #3147, #90, #2819, .T. ) ;
#1112 = CARTESIAN_POINT ( 'NONE',  ( 5.662034053487561280, 5.710000000000020393, 1.780000000000009353 ) ) ;
#1113 = CARTESIAN_POINT ( 'NONE',  ( 5.054999999999995275, 1.420000000000016360, 4.264999999999999680 ) ) ;
#1114 = ORIENTED_EDGE ( 'NONE', *, *, #2320, .F. ) ;
#1115 = B_SPLINE_CURVE_WITH_KNOTS ( 'NONE', 3,
 ( #134, #1580, #2143, #3301, #1288, #1002 ),
 .UNSPECIFIED., .F., .F.,
 ( 4, 2, 4 ),
 ( 0.000000000000000000, 0.4962827613643840396, 0.9925655227287680793 ),
 .UNSPECIFIED. ) ;
#1116 = DIRECTION ( 'NONE',  ( -1.000000000000000000, 0.000000000000000000, 0.000000000000000000 ) ) ;
#1117 = EDGE_CURVE ( 'NONE', #927, #1520, #2576, .T. ) ;
#1118 = CARTESIAN_POINT ( 'NONE',  ( -6.475000000000001421, 0.6047999999999772447, -5.589999999999999858 ) ) ;
#1119 = DIRECTION ( 'NONE',  ( -3.664908752063682271E-15, 1.000000000000000000, 0.000000000000000000 ) ) ;
#1120 = ORIENTED_EDGE ( 'NONE', *, *, #1940, .F. ) ;
#1121 = CARTESIAN_POINT ( 'NONE',  ( -6.474999999999999645, -2.268940095674031598E-14, 4.985199999999999854 ) ) ;
#1122 = CARTESIAN_POINT ( 'NONE',  ( -6.475000000000034284, 9.971464282045239713, -9.319999999999998508 ) ) ;
#1123 = DIRECTION ( 'NONE',  ( -1.000000000000000000, -3.520899023009863541E-15, 0.000000000000000000 ) ) ;
#1124 = CIRCLE ( 'NONE', #3138, 0.7850000000000001421 ) ;
#1125 = EDGE_CURVE ( 'NONE', #1068, #1173, #978, .T. ) ;
#1126 = ORIENTED_EDGE ( 'NONE', *, *, #918, .T. ) ;
#1127 = EDGE_CURVE ( 'NONE', #3602, #1171, #3562, .T. ) ;
#1128 = VECTOR ( 'NONE', #3199, 1000.000000000000000 ) ;
#1129 = CARTESIAN_POINT ( 'NONE',  ( 3.054999999999997939, 0.6048000000000106624, -5.285199999999999676 ) ) ;
#1130 = CARTESIAN_POINT ( 'NONE',  ( -4.847400000000001263, 0.006181886560101103670, 1.755000000000000560 ) ) ;
#1131 = ORIENTED_EDGE ( 'NONE', *, *, #1050, .F. ) ;
#1132 = ORIENTED_EDGE ( 'NONE', *, *, #3308, .T. ) ;
#1133 = FACE_OUTER_BOUND ( 'NONE', #2550, .T. ) ;
#1134 = CARTESIAN_POINT ( 'NONE',  ( 3.054999999999938876, 16.51085905220557848, 6.729799999999979576 ) ) ;
#1135 = DIRECTION ( 'NONE',  ( -1.000000000000000000, 0.000000000000000000, 0.000000000000000000 ) ) ;
#1136 = VERTEX_POINT ( 'NONE', #515 ) ;
#1137 = DIRECTION ( 'NONE',  ( -1.000000000000000000, -3.520899023009863935E-15, -0.000000000000000000 ) ) ;
#1138 = ORIENTED_EDGE ( 'NONE', *, *, #3437, .T. ) ;
#1139 = LINE ( 'NONE', #1121, #3154 ) ;
#1140 = CARTESIAN_POINT ( 'NONE',  ( 3.173798184348637363, -8.631133788285027348E-05, -0.7850000000000002531 ) ) ;
#1141 = VERTEX_POINT ( 'NONE', #3648 ) ;
#1142 = CARTESIAN_POINT ( 'NONE',  ( -6.475000000000001421, 0.6047999999999772447, 5.589999999999999858 ) ) ;
#1143 = DIRECTION ( 'NONE',  ( -1.000000000000000000, -3.520899023009863935E-15, 0.000000000000000000 ) ) ;
#1144 = ORIENTED_EDGE ( 'NONE', *, *, #85, .T. ) ;
#1145 = ORIENTED_EDGE ( 'NONE', *, *, #918, .F. ) ;
#1146 = B_SPLINE_CURVE_WITH_KNOTS ( 'NONE', 3,
 ( #1768, #1410, #940, #1808, #2724, #1248 ),
 .UNSPECIFIED., .F., .F.,
 ( 4, 2, 4 ),
 ( 0.000000000000000000, 0.5000000000000000000, 1.000000000000000000 ),
 .UNSPECIFIED. ) ;
#1147 = DIRECTION ( 'NONE',  ( 0.2588190451025108030, 0.9659258262890709767, 0.000000000000000000 ) ) ;
#1148 = VECTOR ( 'NONE', #1724, 1000.000000000000000 ) ;
#1149 = VECTOR ( 'NONE', #951, 1000.000000000000000 ) ;
#1150 = AXIS2_PLACEMENT_3D ( 'NONE', #1402, #73, #1143 ) ;
#1151 = ORIENTED_EDGE ( 'NONE', *, *, #408, .T. ) ;
#1152 = CIRCLE ( 'NONE', #3220, 0.2999999999999999334 ) ;
#1153 = LINE ( 'NONE', #875, #1810 ) ;
#1154 = AXIS2_PLACEMENT_3D ( 'NONE', #3564, #2499, #2994 ) ;
#1155 = VECTOR ( 'NONE', #3170, 1000.000000000000000 ) ;
#1156 = EDGE_CURVE ( 'NONE', #3206, #141, #2398, .T. ) ;
#1157 = ORIENTED_EDGE ( 'NONE', *, *, #2915, .T. ) ;
#1158 = ORIENTED_EDGE ( 'NONE', *, *, #3148, .T. ) ;
#1159 = CARTESIAN_POINT ( 'NONE',  ( -6.474999999999999645, -2.268940095674031598E-14, -4.264999999999997016 ) ) ;
#1160 = VECTOR ( 'NONE', #2690, 1000.000000000000000 ) ;
#1161 = DIRECTION ( 'NONE',  ( 2.410947503385681271E-15, -0.6847533790743781656, 0.7287748691099473763 ) ) ;
#1162 = EDGE_LOOP ( 'NONE', ( #2811, #3272, #1596, #1646 ) ) ;
#1163 = LINE ( 'NONE', #527, #1801 ) ;
#1164 = CARTESIAN_POINT ( 'NONE',  ( -6.475000000000057376, 16.30543303848323333, -6.811167539267012572 ) ) ;
#1165 = FACE_OUTER_BOUND ( 'NONE', #2858, .T. ) ;
#1166 = ORIENTED_EDGE ( 'NONE', *, *, #2770, .F. ) ;
#1167 = CIRCLE ( 'NONE', #1515, 1.195200000000000484 ) ;
#1168 = ORIENTED_EDGE ( 'NONE', *, *, #2708, .T. ) ;
#1169 = CARTESIAN_POINT ( 'NONE',  ( 5.425108726681118654, 17.26711195505277630, -4.264999999999997904 ) ) ;
#1170 = ADVANCED_FACE ( 'NONE', ( #324 ), #2003, .T. ) ;
#1171 = VERTEX_POINT ( 'NONE', #2798 ) ;
#1172 = CARTESIAN_POINT ( 'NONE',  ( -6.475000000000060041, 16.89961699854397992, -6.566496320801628706 ) ) ;
#1173 = VERTEX_POINT ( 'NONE', #14 ) ;
#1174 = EDGE_LOOP ( 'NONE', ( #3015, #3090, #1589, #3496 ) ) ;
#1175 = CARTESIAN_POINT ( 'NONE',  ( -6.475000000000060929, 17.15007833656751757, 7.174546478949806350 ) ) ;
#1176 = CARTESIAN_POINT ( 'NONE',  ( 3.054999999999943761, 17.15007833656754954, 7.174546478949806350 ) ) ;
#1177 = EDGE_CURVE ( 'NONE', #2517, #3635, #1690, .T. ) ;
#1178 = EDGE_CURVE ( 'NONE', #1036, #3465, #3641, .T. ) ;
#1179 = ORIENTED_EDGE ( 'NONE', *, *, #3006, .T. ) ;
#1180 = B_SPLINE_CURVE_WITH_KNOTS ( 'NONE', 3,
 ( #2546, #17, #2020, #3137 ),
 .UNSPECIFIED., .F., .F.,
 ( 4, 4 ),
 ( 0.000000000000000000, 1.000000000000000000 ),
 .UNSPECIFIED. ) ;
#1181 = DIRECTION ( 'NONE',  ( -0.000000000000000000, 0.000000000000000000, 1.000000000000000000 ) ) ;
#1182 = VERTEX_POINT ( 'NONE', #1134 ) ;
#1183 = ORIENTED_EDGE ( 'NONE', *, *, #1257, .T. ) ;
#1184 = CARTESIAN_POINT ( 'NONE',  ( -6.475000000000000533, 0.3047999999999772003, -0.9549999999999997380 ) ) ;
#1185 = EDGE_LOOP ( 'NONE', ( #2838, #617, #2002, #2019 ) ) ;
#1186 = CARTESIAN_POINT ( 'NONE',  ( -4.542599999999999305, -0.1000000000000150352, -1.755000000000001004 ) ) ;
#1187 = CARTESIAN_POINT ( 'NONE',  ( -4.847399999999999487, -3.695200000000017582, -2.540000000000000036 ) ) ;
#1188 = EDGE_LOOP ( 'NONE', ( #2087, #200, #981, #1892 ) ) ;
#1189 = DIRECTION ( 'NONE',  ( 1.000000000000000000, 3.520899023009863935E-15, 0.000000000000000000 ) ) ;
#1190 = ORIENTED_EDGE ( 'NONE', *, *, #3634, .T. ) ;
#1191 = ADVANCED_FACE ( 'NONE', ( #574 ), #3074, .F. ) ;
#1192 = CARTESIAN_POINT ( 'NONE',  ( 2.772600000000000176, -3.695199999999990492, -0.7850000000000002531 ) ) ;
#1193 = ORIENTED_EDGE ( 'NONE', *, *, #2692, .F. ) ;
#1194 = VERTEX_POINT ( 'NONE', #1718 ) ;
#1195 = DIRECTION ( 'NONE',  ( -1.000000000000000000, 3.944304526105059027E-31, 0.000000000000000000 ) ) ;
#1196 = LINE ( 'NONE', #2943, #614 ) ;
#1197 = PLANE ( 'NONE',  #340 ) ;
#1198 = CARTESIAN_POINT ( 'NONE',  ( -4.447400000000000020, 0.3047999999999843612, -1.355000000000000648 ) ) ;
#1199 = ORIENTED_EDGE ( 'NONE', *, *, #459, .F. ) ;
#1200 = FACE_BOUND ( 'NONE', #3279, .T. ) ;
#1201 = DIRECTION ( 'NONE',  ( -0.000000000000000000, 0.000000000000000000, 1.000000000000000000 ) ) ;
#1202 = AXIS2_PLACEMENT_3D ( 'NONE', #1113, #220, #2525 ) ;
#1203 = AXIS2_PLACEMENT_3D ( 'NONE', #3208, #660, #1562 ) ;
#1204 = ORIENTED_EDGE ( 'NONE', *, *, #842, .T. ) ;
#1205 = CARTESIAN_POINT ( 'NONE',  ( 4.733652025635875837, 11.54201327287968759, 2.556954302004933654E-16 ) ) ;
#1206 = VECTOR ( 'NONE', #3168, 1000.000000000000114 ) ;
#1207 = DIRECTION ( 'NONE',  ( 0.000000000000000000, 0.000000000000000000, 1.000000000000000000 ) ) ;
#1208 = VERTEX_POINT ( 'NONE', #960 ) ;
#1209 = VECTOR ( 'NONE', #1074, 1000.000000000000227 ) ;
#1210 = AXIS2_PLACEMENT_3D ( 'NONE', #2707, #3280, #3262 ) ;
#1211 = CARTESIAN_POINT ( 'NONE',  ( 5.054999999999995275, 1.420000000000017470, -4.264999999999999680 ) ) ;
#1212 = AXIS2_PLACEMENT_3D ( 'NONE', #2349, #2942, #3517 ) ;
#1213 = ORIENTED_EDGE ( 'NONE', *, *, #1821, .T. ) ;
#1214 = CYLINDRICAL_SURFACE ( 'NONE', #1729, 0.6048000000000007814 ) ;
#1215 = DIRECTION ( 'NONE',  ( -0.000000000000000000, 0.000000000000000000, -1.000000000000000000 ) ) ;
#1216 = CARTESIAN_POINT ( 'NONE',  ( -4.468779938779913863, -1.486754580668110670E-14, 1.755000000000001004 ) ) ;
#1217 = EDGE_CURVE ( 'NONE', #60, #2237, #3163, .T. ) ;
#1218 = DIRECTION ( 'NONE',  ( 1.000000000000000000, 3.520899023009863935E-15, 0.000000000000000000 ) ) ;
#1219 = DIRECTION ( 'NONE',  ( 0.1194669976176413045, -0.9928381723524869473, 0.000000000000000000 ) ) ;
#1220 = ADVANCED_FACE ( 'NONE', ( #2362 ), #1529, .T. ) ;
#1221 = FACE_OUTER_BOUND ( 'NONE', #2639, .T. ) ;
#1222 = CIRCLE ( 'NONE', #1397, 0.7850000000000001421 ) ;
#1223 = EDGE_CURVE ( 'NONE', #3150, #949, #3482, .T. ) ;
#1224 = ORIENTED_EDGE ( 'NONE', *, *, #3623, .F. ) ;
#1225 = DIRECTION ( 'NONE',  ( -1.000000000000000000, 0.000000000000000000, 0.000000000000000000 ) ) ;
#1226 = DIRECTION ( 'NONE',  ( -1.000000000000000000, -3.520899023009863541E-15, 3.097720492815726180E-16 ) ) ;
#1227 = VERTEX_POINT ( 'NONE', #1477 ) ;
#1228 = LINE ( 'NONE', #3490, #1149 ) ;
#1229 = EDGE_CURVE ( 'NONE', #1945, #788, #1748, .T. ) ;
#1230 = EDGE_LOOP ( 'NONE', ( #481, #765, #1703, #315 ) ) ;
#1231 = CARTESIAN_POINT ( 'NONE',  ( -4.804954753693965408, 0.1094475194260644824, -1.755000000000000782 ) ) ;
#1232 = EDGE_CURVE ( 'NONE', #3334, #1336, #1040, .T. ) ;
#1233 = DIRECTION ( 'NONE',  ( -0.000000000000000000, 0.000000000000000000, 1.000000000000000000 ) ) ;
#1234 = ORIENTED_EDGE ( 'NONE', *, *, #3375, .T. ) ;
#1235 = CARTESIAN_POINT ( 'NONE',  ( 3.054999999999999272, 0.3048000000000107845, -4.985199999999999854 ) ) ;
#1236 = LINE ( 'NONE', #3500, #2569 ) ;
#1237 = EDGE_LOOP ( 'NONE', ( #2221, #1885, #2687, #2113 ) ) ;
#1238 = FACE_OUTER_BOUND ( 'NONE', #834, .T. ) ;
#1239 = DIRECTION ( 'NONE',  ( 0.000000000000000000, 0.000000000000000000, 1.000000000000000000 ) ) ;
#1240 = AXIS2_PLACEMENT_3D ( 'NONE', #1303, #2649, #1239 ) ;
#1241 = ORIENTED_EDGE ( 'NONE', *, *, #71, .T. ) ;
#1242 = CARTESIAN_POINT ( 'NONE',  ( -4.468779938779914751, -1.487114569670693117E-14, -1.755000000000000560 ) ) ;
#1243 = ORIENTED_EDGE ( 'NONE', *, *, #2588, .F. ) ;
#1244 = EDGE_LOOP ( 'NONE', ( #1624, #1966, #1157, #1566, #11 ) ) ;
#1245 = DIRECTION ( 'NONE',  ( 0.000000000000000000, 0.000000000000000000, -1.000000000000000000 ) ) ;
#1246 = CARTESIAN_POINT ( 'NONE',  ( 3.054999999999938876, 17.34600000000001074, -6.941056132687144498 ) ) ;
#1247 = FACE_OUTER_BOUND ( 'NONE', #1237, .T. ) ;
#1248 = CARTESIAN_POINT ( 'NONE',  ( -4.542599999999999305, -0.1000000000000150352, 3.324999999999999734 ) ) ;
#1249 = ORIENTED_EDGE ( 'NONE', *, *, #2795, .T. ) ;
#1250 = DIRECTION ( 'NONE',  ( -1.000000000000000000, -2.941768416672979712E-17, -0.000000000000000000 ) ) ;
#1251 = ORIENTED_EDGE ( 'NONE', *, *, #3358, .F. ) ;
#1252 = DIRECTION ( 'NONE',  ( 1.000000000000000000, 3.520899023009863935E-15, 0.000000000000000000 ) ) ;
#1253 = EDGE_CURVE ( 'NONE', #45, #2790, #2932, .T. ) ;
#1254 = CARTESIAN_POINT ( 'NONE',  ( 5.844933786229046468, 4.190000000000020819, 1.780000000000008908 ) ) ;
#1255 = VECTOR ( 'NONE', #986, 1000.000000000000000 ) ;
#1256 = EDGE_LOOP ( 'NONE', ( #1603, #2881, #1641, #1077, #1305, #1500, #3594, #2553, #153, #2251 ) ) ;
#1257 = EDGE_CURVE ( 'NONE', #1526, #1068, #2330, .T. ) ;
#1258 = DIRECTION ( 'NONE',  ( -1.000000000000000000, 0.000000000000000000, 0.000000000000000000 ) ) ;
#1259 = CIRCLE ( 'NONE', #2516, 0.7850000000000001421 ) ;
#1260 = AXIS2_PLACEMENT_3D ( 'NONE', #363, #1481, #1908 ) ;
#1261 = ORIENTED_EDGE ( 'NONE', *, *, #3477, .F. ) ;
#1262 = CARTESIAN_POINT ( 'NONE',  ( -4.847399999999999487, -2.910200000000017440, 2.540000000000000924 ) ) ;
#1263 = LINE ( 'NONE', #3565, #1326 ) ;
#1264 = VECTOR ( 'NONE', #1161, 1000.000000000000114 ) ;
#1265 = CARTESIAN_POINT ( 'NONE',  ( 5.054999999999995275, 1.420000000000016360, 4.264999999999999680 ) ) ;
#1266 = DIRECTION ( 'NONE',  ( 0.000000000000000000, 0.000000000000000000, -1.000000000000000000 ) ) ;
#1267 = DIRECTION ( 'NONE',  ( 1.701333201047079371E-30, -4.832098818876900487E-16, -1.000000000000000000 ) ) ;
#1268 = VERTEX_POINT ( 'NONE', #3457 ) ;
#1269 = CARTESIAN_POINT ( 'NONE',  ( -4.447399999999998244, -1.560463620630978222E-14, 3.725000000000003197 ) ) ;
#1270 = TOROIDAL_SURFACE ( 'NONE', #2228, 2.505493963273511149, 0.8048000000000009591 ) ;
#1271 = EDGE_CURVE ( 'NONE', #3442, #2098, #223, .T. ) ;
#1272 = ADVANCED_FACE ( 'NONE', ( #109 ), #1805, .F. ) ;
#1273 = ORIENTED_EDGE ( 'NONE', *, *, #1463, .F. ) ;
#1274 = LINE ( 'NONE', #2410, #2813 ) ;
#1275 = EDGE_CURVE ( 'NONE', #221, #2076, #285, .T. ) ;
#1276 = LINE ( 'NONE', #413, #1255 ) ;
#1277 = EDGE_LOOP ( 'NONE', ( #263, #2266, #1831, #236 ) ) ;
#1278 = DIRECTION ( 'NONE',  ( -0.9659258262890711988, 0.2588190451025104699, 3.062235992845698343E-17 ) ) ;
#1279 = FACE_OUTER_BOUND ( 'NONE', #1185, .T. ) ;
#1280 = CARTESIAN_POINT ( 'NONE',  ( 3.054999999999997939, 0.6048000000000106624, 5.285199999999999676 ) ) ;
#1281 = EDGE_CURVE ( 'NONE', #3342, #891, #2955, .T. ) ;
#1282 = ORIENTED_EDGE ( 'NONE', *, *, #3260, .F. ) ;
#1283 = CARTESIAN_POINT ( 'NONE',  ( 3.077399999999999913, -0.09999999999998900047, -0.7850000000000002531 ) ) ;
#1284 = CARTESIAN_POINT ( 'NONE',  ( 13.36624972744894357, 9.444477355835317667, 1.414217754958631880E-15 ) ) ;
#1285 = DIRECTION ( 'NONE',  ( 0.000000000000000000, 0.000000000000000000, 1.000000000000000000 ) ) ;
#1286 = CARTESIAN_POINT ( 'NONE',  ( 3.054999999999997939, 0.6048000000000106624, 4.985199999999999854 ) ) ;
#1287 = ORIENTED_EDGE ( 'NONE', *, *, #928, .T. ) ;
#1288 = CARTESIAN_POINT ( 'NONE',  ( -4.554074927842909126, 0.3035600588190749405, -3.325000000000000622 ) ) ;
#1289 = VECTOR ( 'NONE', #1123, 1000.000000000000000 ) ;
#1290 = VERTEX_POINT ( 'NONE', #712 ) ;
#1291 = PLANE ( 'NONE',  #2863 ) ;
#1292 = ORIENTED_EDGE ( 'NONE', *, *, #2828, .T. ) ;
#1293 = CARTESIAN_POINT ( 'NONE',  ( -6.475000000000000533, 0.3047999999999772003, 0.9549999999999997380 ) ) ;
#1294 = DIRECTION ( 'NONE',  ( -3.520899023009863541E-15, 1.000000000000000000, -4.832098818876899501E-16 ) ) ;
#1295 = CIRCLE ( 'NONE', #2013, 0.3000000000000207501 ) ;
#1296 = VERTEX_POINT ( 'NONE', #419 ) ;
#1297 = CARTESIAN_POINT ( 'NONE',  ( -6.475000000000058265, 16.51085905220554295, 6.729799999999979576 ) ) ;
#1298 = DIRECTION ( 'NONE',  ( -3.664908752063681482E-15, 1.000000000000000000, 0.000000000000000000 ) ) ;
#1299 = ADVANCED_FACE ( 'NONE', ( #3240 ), #2402, .T. ) ;
#1300 = CARTESIAN_POINT ( 'NONE',  ( 3.055000000000000604, 1.086476673254368577E-14, 4.264999999999999680 ) ) ;
#1301 = ORIENTED_EDGE ( 'NONE', *, *, #2960, .T. ) ;
#1302 = CYLINDRICAL_SURFACE ( 'NONE', #2332, 0.4000000000000010214 ) ;
#1303 = CARTESIAN_POINT ( 'NONE',  ( -6.475000000000008527, 2.399799999999977285, -5.889999999999999680 ) ) ;
#1304 = ORIENTED_EDGE ( 'NONE', *, *, #506, .T. ) ;
#1305 = ORIENTED_EDGE ( 'NONE', *, *, #3476, .T. ) ;
#1306 = DIRECTION ( 'NONE',  ( -0.9928381723524870583, -0.1194669976176413601, 0.000000000000000000 ) ) ;
#1307 = DIRECTION ( 'NONE',  ( -1.000000000000000000, -3.233207273813629354E-15, 0.000000000000000000 ) ) ;
#1308 = EDGE_CURVE ( 'NONE', #1848, #2106, #1263, .T. ) ;
#1309 = ORIENTED_EDGE ( 'NONE', *, *, #882, .F. ) ;
#1310 = FACE_OUTER_BOUND ( 'NONE', #3612, .T. ) ;
#1311 = AXIS2_PLACEMENT_3D ( 'NONE', #2938, #165, #3235 ) ;
#1312 = ORIENTED_EDGE ( 'NONE', *, *, #647, .T. ) ;
#1313 = AXIS2_PLACEMENT_3D ( 'NONE', #2343, #1792, #2909 ) ;
#1314 = CARTESIAN_POINT ( 'NONE',  ( 1.772599999999999065, 0.3048000000000062881, 6.512297604710335573E-16 ) ) ;
#1315 = AXIS2_PLACEMENT_3D ( 'NONE', #1702, #1964, #325 ) ;
#1316 = VECTOR ( 'NONE', #508, 1000.000000000000000 ) ;
#1317 = AXIS2_PLACEMENT_3D ( 'NONE', #2765, #235, #1904 ) ;
#1318 = DIRECTION ( 'NONE',  ( -3.888816974481730715E-15, 1.000000000000000000, 0.000000000000000000 ) ) ;
#1319 = EDGE_LOOP ( 'NONE', ( #2667, #1934, #2351, #1356 ) ) ;
#1320 = AXIS2_PLACEMENT_3D ( 'NONE', #1655, #3008, #3586 ) ;
#1321 = VECTOR ( 'NONE', #2906, 1000.000000000000000 ) ;
#1322 = EDGE_CURVE ( 'NONE', #302, #3355, #3413, .T. ) ;
#1323 = CARTESIAN_POINT ( 'NONE',  ( -4.847399999999999487, -0.1000000000000150352, 3.324999999999999734 ) ) ;
#1324 = ADVANCED_FACE ( 'NONE', ( #1590 ), #2995, .F. ) ;
#1325 = CARTESIAN_POINT ( 'NONE',  ( 21.56999999999998607, 4.190000000000076774, 1.780000000000008908 ) ) ;
#1326 = VECTOR ( 'NONE', #2677, 1000.000000000000000 ) ;
#1327 = EDGE_CURVE ( 'NONE', #1359, #907, #40, .T. ) ;
#1328 = VERTEX_POINT ( 'NONE', #436 ) ;
#1329 = ORIENTED_EDGE ( 'NONE', *, *, #1664, .T. ) ;
#1330 = CARTESIAN_POINT ( 'NONE',  ( -4.446202566376125986, -8.631692253148392168E-05, 3.324999999999999734 ) ) ;
#1331 = LINE ( 'NONE', #2801, #2547 ) ;
#1332 = ORIENTED_EDGE ( 'NONE', *, *, #1802, .F. ) ;
#1333 = DIRECTION ( 'NONE',  ( 0.000000000000000000, 0.000000000000000000, -1.000000000000000000 ) ) ;
#1334 = EDGE_CURVE ( 'NONE', #2246, #1182, #2701, .T. ) ;
#1335 = CARTESIAN_POINT ( 'NONE',  ( -4.447399999999999132, -1.560463620630978538E-14, -3.725000000000000533 ) ) ;
#1336 = VERTEX_POINT ( 'NONE', #2419 ) ;
#1337 = DIRECTION ( 'NONE',  ( 2.697165131359716641E-15, -0.7660444431189699088, 0.6427876096865489108 ) ) ;
#1338 = DIRECTION ( 'NONE',  ( -1.000000000000000000, -3.520899023009863541E-15, 0.000000000000000000 ) ) ;
#1339 = ORIENTED_EDGE ( 'NONE', *, *, #3094, .F. ) ;
#1340 = CARTESIAN_POINT ( 'NONE',  ( 3.054999999999941984, 16.51085905220557848, -7.029799999999999827 ) ) ;
#1341 = FACE_OUTER_BOUND ( 'NONE', #49, .T. ) ;
#1342 = CARTESIAN_POINT ( 'NONE',  ( -6.475000000000001421, 0.6047999999999771337, -5.285199999999999676 ) ) ;
#1343 = VECTOR ( 'NONE', #1337, 999.9999999999998863 ) ;
#1344 = ORIENTED_EDGE ( 'NONE', *, *, #1563, .F. ) ;
#1345 = CARTESIAN_POINT ( 'NONE',  ( 2.964702223904945200, 0.2608192026174614986, -0.7850000000000001421 ) ) ;
#1346 = VECTOR ( 'NONE', #1741, 1000.000000000000000 ) ;
#1347 = FACE_OUTER_BOUND ( 'NONE', #2660, .T. ) ;
#1348 = CARTESIAN_POINT ( 'NONE',  ( 3.077399999999999913, -0.07382006122007381266, 0.7850000000000003642 ) ) ;
#1349 = EDGE_LOOP ( 'NONE', ( #601, #1106, #428, #2400 ) ) ;
#1350 = CIRCLE ( 'NONE', #766, 1.419999999999998153 ) ;
#1351 = DIRECTION ( 'NONE',  ( -3.520899023009863541E-15, 1.000000000000000000, 0.000000000000000000 ) ) ;
#1352 = ORIENTED_EDGE ( 'NONE', *, *, #490, .F. ) ;
#1353 = CARTESIAN_POINT ( 'NONE',  ( 5.505800990207773360, 7.008384927226444461, 0.000000000000000000 ) ) ;
#1354 = DIRECTION ( 'NONE',  ( 0.000000000000000000, 1.000000000000000000, 0.000000000000000000 ) ) ;
#1355 = EDGE_CURVE ( 'NONE', #453, #965, #3550, .T. ) ;
#1356 = ORIENTED_EDGE ( 'NONE', *, *, #2895, .T. ) ;
#1357 = DIRECTION ( 'NONE',  ( 1.000000000000000000, 0.000000000000000000, -0.000000000000000000 ) ) ;
#1358 = DIRECTION ( 'NONE',  ( 0.000000000000000000, 1.000000000000000000, 0.000000000000000000 ) ) ;
#1359 = VERTEX_POINT ( 'NONE', #2722 ) ;
#1360 = CARTESIAN_POINT ( 'NONE',  ( 4.900525452419246975, 15.30934052270654888, -4.264999999999997904 ) ) ;
#1361 = LINE ( 'NONE', #3484, #2699 ) ;
#1362 = LINE ( 'NONE', #2509, #3530 ) ;
#1363 = ORIENTED_EDGE ( 'NONE', *, *, #2708, .F. ) ;
#1364 = CARTESIAN_POINT ( 'NONE',  ( 0.1875999999999987122, 0.3048000000000006815, 6.512297604710335573E-16 ) ) ;
#1365 = DIRECTION ( 'NONE',  ( -4.165776792494369969E-31, 1.183157132672674163E-16, -1.000000000000000000 ) ) ;
#1366 = EDGE_CURVE ( 'NONE', #2287, #1328, #2437, .T. ) ;
#1367 = LINE ( 'NONE', #2473, #1619 ) ;
#1368 = EDGE_CURVE ( 'NONE', #2443, #293, #330, .T. ) ;
#1369 = DIRECTION ( 'NONE',  ( -3.520899023009863541E-15, 1.000000000000000000, 0.000000000000000000 ) ) ;
#1370 = EDGE_CURVE ( 'NONE', #3450, #222, #3452, .T. ) ;
#1371 = VERTEX_POINT ( 'NONE', #2977 ) ;
#1372 = AXIS2_PLACEMENT_3D ( 'NONE', #514, #1357, #3118 ) ;
#1373 = SURFACE_STYLE_USAGE ( .BOTH. , #2848 ) ;
#1374 = AXIS2_PLACEMENT_3D ( 'NONE', #2059, #3183, #1786 ) ;
#1375 = LINE ( 'NONE', #3619, #2341 ) ;
#1376 = EDGE_LOOP ( 'NONE', ( #1057, #1471 ) ) ;
#1377 = CARTESIAN_POINT ( 'NONE',  ( -6.475000000000058265, 16.51085905220554295, 7.029799999999999827 ) ) ;
#1378 = DIRECTION ( 'NONE',  ( 0.000000000000000000, 0.000000000000000000, -1.000000000000000000 ) ) ;
#1379 = ADVANCED_FACE ( 'NONE', ( #2112 ), #112, .T. ) ;
#1380 = AXIS2_PLACEMENT_3D ( 'NONE', #935, #2067, #3193 ) ;
#1381 = CARTESIAN_POINT ( 'NONE',  ( -6.475000000000034284, 9.971464282045239713, -9.015200000000000102 ) ) ;
#1382 = VECTOR ( 'NONE', #594, 1000.000000000000000 ) ;
#1383 = ORIENTED_EDGE ( 'NONE', *, *, #334, .F. ) ;
#1384 = DIRECTION ( 'NONE',  ( 1.000000000000000000, 3.520899023009863935E-15, 0.000000000000000000 ) ) ;
#1385 = CYLINDRICAL_SURFACE ( 'NONE', #3408, 0.09999999999999982514 ) ;
#1386 = VECTOR ( 'NONE', #3217, 1000.000000000000000 ) ;
#1387 = CIRCLE ( 'NONE', #2225, 0.6048000000000207654 ) ;
#1388 = EDGE_CURVE ( 'NONE', #907, #90, #2726, .T. ) ;
#1389 = DIRECTION ( 'NONE',  ( 4.165776792494369969E-31, -1.183157132672674163E-16, 1.000000000000000000 ) ) ;
#1390 = EDGE_CURVE ( 'NONE', #3202, #1746, #3501, .T. ) ;
#1391 = ADVANCED_FACE ( 'NONE', ( #2664 ), #942, .T. ) ;
#1392 = VERTEX_POINT ( 'NONE', #2705 ) ;
#1393 = CARTESIAN_POINT ( 'NONE',  ( 3.077399999999999913, -3.695199999999990492, -2.168404344971008868E-16 ) ) ;
#1394 = VECTOR ( 'NONE', #2378, 1000.000000000000000 ) ;
#1395 = CARTESIAN_POINT ( 'NONE',  ( 3.077399999999999913, -0.09999999999998865352, -0.7850000000000002531 ) ) ;
#1396 = LINE ( 'NONE', #3311, #943 ) ;
#1397 = AXIS2_PLACEMENT_3D ( 'NONE', #2827, #1692, #297 ) ;
#1398 = ORIENTED_EDGE ( 'NONE', *, *, #186, .T. ) ;
#1399 = DIRECTION ( 'NONE',  ( 3.520899023009863541E-15, -1.000000000000000000, -4.832098818876899501E-16 ) ) ;
#1400 = EDGE_CURVE ( 'NONE', #2016, #2781, #407, .T. ) ;
#1401 = DIRECTION ( 'NONE',  ( 0.9928381723524870583, 0.1194669976176408188, 1.413482303502969747E-17 ) ) ;
#1402 = CARTESIAN_POINT ( 'NONE',  ( 1.772599999999999953, 6.295355716811559694E-15, 6.512297604710335573E-16 ) ) ;
#1403 = VERTEX_POINT ( 'NONE', #743 ) ;
#1404 = ORIENTED_EDGE ( 'NONE', *, *, #1334, .T. ) ;
#1405 = DIRECTION ( 'NONE',  ( 1.000000000000000000, 0.000000000000000000, -0.000000000000000000 ) ) ;
#1406 = CARTESIAN_POINT ( 'NONE',  ( 3.054999999999965077, 9.971464282045271688, -0.07000000000000235201 ) ) ;
#1407 = CARTESIAN_POINT ( 'NONE',  ( 6.348241047071720544, 9.633322021823394365, 0.000000000000000000 ) ) ;
#1408 = ORIENTED_EDGE ( 'NONE', *, *, #754, .F. ) ;
#1409 = PLANE ( 'NONE',  #1501 ) ;
#1410 = CARTESIAN_POINT ( 'NONE',  ( -4.468779938779914751, -1.487114569670693117E-14, 3.324999999999999734 ) ) ;
#1411 = CARTESIAN_POINT ( 'NONE',  ( -6.474999999999999645, -2.274361106536459120E-14, -4.125000000000000888 ) ) ;
#1412 = ORIENTED_EDGE ( 'NONE', *, *, #2310, .F. ) ;
#1413 = CARTESIAN_POINT ( 'NONE',  ( -4.542599999999999305, -2.910200000000017440, 1.755000000000001226 ) ) ;
#1414 = CARTESIAN_POINT ( 'NONE',  ( -6.475000000000034284, 9.971464282045239713, -0.07000000000000235201 ) ) ;
#1415 = VECTOR ( 'NONE', #202, 1000.000000000000000 ) ;
#1416 = VERTEX_POINT ( 'NONE', #3222 ) ;
#1417 = AXIS2_PLACEMENT_3D ( 'NONE', #135, #1665, #832 ) ;
#1418 = CARTESIAN_POINT ( 'NONE',  ( 3.706991464558230476, 12.03266780686042203, 1.720441354243201715E-15 ) ) ;
#1419 = DIRECTION ( 'NONE',  ( 0.000000000000000000, 0.000000000000000000, 1.000000000000000000 ) ) ;
#1420 = VECTOR ( 'NONE', #2168, 1000.000000000000000 ) ;
#1421 = FACE_OUTER_BOUND ( 'NONE', #1782, .T. ) ;
#1422 = ORIENTED_EDGE ( 'NONE', *, *, #1156, .T. ) ;
#1423 = EDGE_LOOP ( 'NONE', ( #970, #2241, #1787, #622 ) ) ;
#1424 = DIRECTION ( 'NONE',  ( 0.000000000000000000, 0.000000000000000000, 1.000000000000000000 ) ) ;
#1425 = EDGE_CURVE ( 'NONE', #891, #1136, #462, .T. ) ;
#1426 = ORIENTED_EDGE ( 'NONE', *, *, #516, .F. ) ;
#1427 = PRODUCT ( 'BK-18650-CLIP', 'BK-18650-CLIP', '', ( #3347 ) ) ;
#1428 = ORIENTED_EDGE ( 'NONE', *, *, #2754, .F. ) ;
#1429 = FACE_OUTER_BOUND ( 'NONE', #2214, .T. ) ;
#1430 = LINE ( 'NONE', #1122, #3523 ) ;
#1431 = VERTEX_POINT ( 'NONE', #715 ) ;
#1432 = CARTESIAN_POINT ( 'NONE',  ( -4.847399999999999487, -2.910200000000017440, -2.540000000000000924 ) ) ;
#1433 = ADVANCED_FACE ( 'NONE', ( #2072 ), #2086, .F. ) ;
#1434 = CARTESIAN_POINT ( 'NONE',  ( 3.054999999999999272, 0.3048000000000122278, -4.264999999999999680 ) ) ;
#1435 = VERTEX_POINT ( 'NONE', #2386 ) ;
#1436 = VECTOR ( 'NONE', #2133, 1000.000000000000000 ) ;
#1437 = ORIENTED_EDGE ( 'NONE', *, *, #842, .F. ) ;
#1438 = DIRECTION ( 'NONE',  ( 1.000000000000000000, 2.941768416672979096E-17, 0.000000000000000000 ) ) ;
#1439 = DIRECTION ( 'NONE',  ( 1.000000000000000000, 2.941768416672979096E-17, 1.205564220626218458E-31 ) ) ;
#1440 = CARTESIAN_POINT ( 'NONE',  ( -6.474999999999999645, -2.268940095674031598E-14, -4.985199999999999854 ) ) ;
#1441 = CIRCLE ( 'NONE', #3107, 9.249999999999996447 ) ;
#1442 = EDGE_CURVE ( 'NONE', #591, #1058, #423, .T. ) ;
#1443 = VECTOR ( 'NONE', #2998, 1000.000000000000000 ) ;
#1444 = ORIENTED_EDGE ( 'NONE', *, *, #182, .T. ) ;
#1445 = LINE ( 'NONE', #1668, #2626 ) ;
#1446 = EDGE_CURVE ( 'NONE', #2396, #3340, #2404, .T. ) ;
#1447 = ADVANCED_FACE ( 'NONE', ( #3278 ), #1888, .F. ) ;
#1448 = AXIS2_PLACEMENT_3D ( 'NONE', #2614, #65, #80 ) ;
#1449 = VERTEX_POINT ( 'NONE', #3014 ) ;
#1450 = CARTESIAN_POINT ( 'NONE',  ( -6.475000000000060929, 17.34599999999997522, -6.941056132687144498 ) ) ;
#1451 = VECTOR ( 'NONE', #3142, 1000.000000000000000 ) ;
#1452 = CIRCLE ( 'NONE', #1098, 0.4000000000000010214 ) ;
#1453 = DIRECTION ( 'NONE',  ( -3.520899023009863541E-15, 1.000000000000000000, 0.000000000000000000 ) ) ;
#1454 = AXIS2_PLACEMENT_3D ( 'NONE', #3313, #2194, #1922 ) ;
#1455 = ORIENTED_EDGE ( 'NONE', *, *, #2206, .F. ) ;
#1456 = CYLINDRICAL_SURFACE ( 'NONE', #3314, 0.7850000000000001421 ) ;
#1457 =( NAMED_UNIT ( * ) SI_UNIT ( $, .STERADIAN. ) SOLID_ANGLE_UNIT ( ) );
#1458 = CARTESIAN_POINT ( 'NONE',  ( -6.474999999999999645, -2.274361106536459120E-14, -4.125000000000000888 ) ) ;
#1459 = ORIENTED_EDGE ( 'NONE', *, *, #2100, .T. ) ;
#1460 = ORIENTED_EDGE ( 'NONE', *, *, #3630, .T. ) ;
#1461 = DIRECTION ( 'NONE',  ( 0.000000000000000000, 1.000000000000000000, 0.000000000000000000 ) ) ;
#1462 = LINE ( 'NONE', #95, #1621 ) ;
#1463 = EDGE_CURVE ( 'NONE', #1336, #2443, #2794, .T. ) ;
#1464 = ORIENTED_EDGE ( 'NONE', *, *, #1446, .T. ) ;
#1465 = CARTESIAN_POINT ( 'NONE',  ( -6.474999999999999645, -2.274361106536459120E-14, -4.125000000000000888 ) ) ;
#1466 = LINE ( 'NONE', #3171, #2427 ) ;
#1467 = ORIENTED_EDGE ( 'NONE', *, *, #2795, .F. ) ;
#1468 = FACE_OUTER_BOUND ( 'NONE', #3247, .T. ) ;
#1469 = CARTESIAN_POINT ( 'NONE',  ( -4.847399999999999487, 1.064203512079387821E-15, 0.000000000000000000 ) ) ;
#1470 = CARTESIAN_POINT ( 'NONE',  ( -6.475000000000060929, 17.15007833656751757, -7.174546478949806350 ) ) ;
#1471 = ORIENTED_EDGE ( 'NONE', *, *, #3437, .F. ) ;
#1472 = CIRCLE ( 'NONE', #1594, 5.500766258163481304 ) ;
#1473 = CARTESIAN_POINT ( 'NONE',  ( -4.447399996189443705, 0.3047857703162251686, 1.755000000000002558 ) ) ;
#1474 = ORIENTED_EDGE ( 'NONE', *, *, #2192, .T. ) ;
#1475 = VERTEX_POINT ( 'NONE', #3036 ) ;
#1476 = CARTESIAN_POINT ( 'NONE',  ( 2.772600000000000176, 1.064203512079387821E-15, 0.000000000000000000 ) ) ;
#1477 = CARTESIAN_POINT ( 'NONE',  ( -4.442599999999999660, 0.3047999999999843612, -3.325000000000000622 ) ) ;
#1478 = CARTESIAN_POINT ( 'NONE',  ( -6.474999999999999645, -2.274361106536459120E-14, 0.9549999999999997380 ) ) ;
#1479 = ADVANCED_FACE ( 'NONE', ( #1165 ), #919, .T. ) ;
#1480 = EDGE_LOOP ( 'NONE', ( #329, #1110, #1014, #3441 ) ) ;
#1481 = DIRECTION ( 'NONE',  ( -0.9928381723524870583, -0.1194669976176413601, 0.000000000000000000 ) ) ;
#1482 = ORIENTED_EDGE ( 'NONE', *, *, #334, .T. ) ;
#1483 = DIRECTION ( 'NONE',  ( 1.000000000000000000, 3.520899023009863541E-15, 0.000000000000000000 ) ) ;
#1484 = EDGE_CURVE ( 'NONE', #1746, #457, #552, .T. ) ;
#1485 = FACE_OUTER_BOUND ( 'NONE', #914, .T. ) ;
#1486 = VERTEX_POINT ( 'NONE', #305 ) ;
#1487 = EDGE_CURVE ( 'NONE', #699, #891, #2054, .T. ) ;
#1488 = EDGE_CURVE ( 'NONE', #2440, #1403, #3115, .T. ) ;
#1489 = ADVANCED_FACE ( 'NONE', ( #898 ), #2029, .T. ) ;
#1490 = CARTESIAN_POINT ( 'NONE',  ( 0.000000000000000000, 0.000000000000000000, 0.000000000000000000 ) ) ;
#1491 = EDGE_LOOP ( 'NONE', ( #2601, #3604, #1428, #513, #1100, #1579 ) ) ;
#1492 = CARTESIAN_POINT ( 'NONE',  ( 3.054999999999999272, 0.3048000000000107845, 4.985199999999999854 ) ) ;
#1493 = CARTESIAN_POINT ( 'NONE',  ( 3.177400000000000002, -0.09999999999998865352, -0.7850000000000002531 ) ) ;
#1494 = EDGE_CURVE ( 'NONE', #3376, #2682, #1727, .T. ) ;
#1495 = ORIENTED_EDGE ( 'NONE', *, *, #3129, .F. ) ;
#1496 = CARTESIAN_POINT ( 'NONE',  ( -4.542599999999999305, 1.073170022213408449E-15, 0.000000000000000000 ) ) ;
#1497 = VECTOR ( 'NONE', #770, 1000.000000000000000 ) ;
#1498 = CIRCLE ( 'NONE', #2391, 1.419999999999997931 ) ;
#1499 = CIRCLE ( 'NONE', #3515, 0.5000000000000013323 ) ;
#1500 = ORIENTED_EDGE ( 'NONE', *, *, #950, .F. ) ;
#1501 = AXIS2_PLACEMENT_3D ( 'NONE', #31, #2006, #3432 ) ;
#1502 = FACE_OUTER_BOUND ( 'NONE', #3419, .T. ) ;
#1503 = LINE ( 'NONE', #1470, #391 ) ;
#1504 = ADVANCED_FACE ( 'NONE', ( #1421 ), #2850, .T. ) ;
#1505 = ORIENTED_EDGE ( 'NONE', *, *, #401, .T. ) ;
#1506 = CIRCLE ( 'NONE', #212, 0.3000000000000207501 ) ;
#1507 = CIRCLE ( 'NONE', #2578, 0.6048000000000000043 ) ;
#1508 = CARTESIAN_POINT ( 'NONE',  ( -4.447399997430331986, 0.3047857702953829517, -1.755000000000001004 ) ) ;
#1509 = AXIS2_PLACEMENT_3D ( 'NONE', #1547, #3537, #147 ) ;
#1510 = ORIENTED_EDGE ( 'NONE', *, *, #398, .F. ) ;
#1511 = B_SPLINE_CURVE_WITH_KNOTS ( 'NONE', 3,
 ( #2065, #3190, #646, #378 ),
 .UNSPECIFIED., .F., .F.,
 ( 4, 4 ),
 ( 0.000000000000000000, 1.000000000000000000 ),
 .UNSPECIFIED. ) ;
#1512 = PRODUCT_DEFINITION_CONTEXT ( 'detailed design', #2454, 'design' ) ;
#1513 = CARTESIAN_POINT ( 'NONE',  ( -4.442599999999999660, 0.3047999999999851939, 1.755000000000001004 ) ) ;
#1514 = DIRECTION ( 'NONE',  ( 3.520899023009863541E-15, -1.000000000000000000, -4.832098818876899501E-16 ) ) ;
#1515 = AXIS2_PLACEMENT_3D ( 'NONE', #3473, #933, #1778 ) ;
#1516 = DIRECTION ( 'NONE',  ( 1.000000000000000000, 3.520899023009863541E-15, 0.000000000000000000 ) ) ;
#1517 = ORIENTED_EDGE ( 'NONE', *, *, #1281, .F. ) ;
#1518 = CARTESIAN_POINT ( 'NONE',  ( -6.475000000000000533, 0.3047999999999772003, 4.985199999999999854 ) ) ;
#1519 = LINE ( 'NONE', #2089, #2491 ) ;
#1520 = VERTEX_POINT ( 'NONE', #2556 ) ;
#1521 = DIRECTION ( 'NONE',  ( -1.000000000000000000, -3.520899023009863935E-15, 0.000000000000000000 ) ) ;
#1522 = PRESENTATION_STYLE_ASSIGNMENT (( #2931 ) ) ;
#1523 = CARTESIAN_POINT ( 'NONE',  ( -6.475000000000000533, 0.3047999999999772003, 4.985199999999999854 ) ) ;
#1524 = CARTESIAN_POINT ( 'NONE',  ( 4.565742741471213506, 14.82079950357356068, -4.264999999999997904 ) ) ;
#1525 = CARTESIAN_POINT ( 'NONE',  ( -4.447400000000000020, 0.3047999999999843612, -3.725000000000000533 ) ) ;
#1526 = VERTEX_POINT ( 'NONE', #3453 ) ;
#1527 = VERTEX_POINT ( 'NONE', #1434 ) ;
#1528 = CARTESIAN_POINT ( 'NONE',  ( -6.475000000000034284, 9.971464282045239713, -0.07000000000000235201 ) ) ;
#1529 = PLANE ( 'NONE',  #1212 ) ;
#1530 = CARTESIAN_POINT ( 'NONE',  ( 3.172600002569666788, 0.3047857702954093195, 0.7850000000000004752 ) ) ;
#1531 = DIRECTION ( 'NONE',  ( 3.944304526105059027E-31, 1.000000000000000000, -5.868165038349772568E-17 ) ) ;
#1532 = EDGE_LOOP ( 'NONE', ( #69, #2147, #2497, #1755 ) ) ;
#1533 = LINE ( 'NONE', #1556, #1209 ) ;
#1534 = EDGE_CURVE ( 'NONE', #3489, #1763, #89, .T. ) ;
#1535 = CARTESIAN_POINT ( 'NONE',  ( 3.054999999999999272, 0.3048000000000107845, 4.264999999999999680 ) ) ;
#1536 = PLANE ( 'NONE',  #1417 ) ;
#1537 = EDGE_CURVE ( 'NONE', #1208, #2517, #2014, .T. ) ;
#1538 = ORIENTED_EDGE ( 'NONE', *, *, #364, .T. ) ;
#1539 = LINE ( 'NONE', #3287, #3335 ) ;
#1540 = CARTESIAN_POINT ( 'NONE',  ( -4.446201815651361855, -8.631133790887689900E-05, 1.755000000000001004 ) ) ;
#1541 = DIRECTION ( 'NONE',  ( -3.520899023009863541E-15, 1.000000000000000000, 0.000000000000000000 ) ) ;
#1542 = ORIENTED_EDGE ( 'NONE', *, *, #93, .F. ) ;
#1543 = CARTESIAN_POINT ( 'NONE',  ( 13.36624972744894357, 9.444477355835317667, 1.414217754958631880E-15 ) ) ;
#1544 = FACE_OUTER_BOUND ( 'NONE', #3404, .T. ) ;
#1545 = VERTEX_POINT ( 'NONE', #869 ) ;
#1546 = DIRECTION ( 'NONE',  ( -1.000000000000000000, -3.520899023009863541E-15, 0.000000000000000000 ) ) ;
#1547 = CARTESIAN_POINT ( 'NONE',  ( -6.475000000000000533, 0.3047999999999772003, 4.985199999999999854 ) ) ;
#1548 = FACE_BOUND ( 'NONE', #2545, .T. ) ;
#1549 = EDGE_CURVE ( 'NONE', #3139, #3389, #2336, .T. ) ;
#1550 = DIRECTION ( 'NONE',  ( 0.000000000000000000, 0.000000000000000000, -1.000000000000000000 ) ) ;
#1551 = B_SPLINE_CURVE_WITH_KNOTS ( 'NONE', 3,
 ( #3570, #480, #217, #1933 ),
 .UNSPECIFIED., .F., .F.,
 ( 4, 4 ),
 ( 0.000000000000000000, 1.000000000000000000 ),
 .UNSPECIFIED. ) ;
#1552 = ADVANCED_FACE ( 'NONE', ( #2816 ), #570, .T. ) ;
#1553 = PLANE ( 'NONE',  #1317 ) ;
#1554 = CARTESIAN_POINT ( 'NONE',  ( 5.055000000000000604, 1.790656477856341443E-14, 4.985199999999999854 ) ) ;
#1555 = VERTEX_POINT ( 'NONE', #1458 ) ;
#1556 = CARTESIAN_POINT ( 'NONE',  ( 14.26536952345705167, 12.80003811662868962, 4.265000000000001457 ) ) ;
#1557 = CARTESIAN_POINT ( 'NONE',  ( -6.475000000000060929, 17.15007833656751757, -7.174546478949806350 ) ) ;
#1558 = CARTESIAN_POINT ( 'NONE',  ( 6.151932457802873344, 4.190000000000021707, 1.780000000000008908 ) ) ;
#1559 = VERTEX_POINT ( 'NONE', #321 ) ;
#1560 = EDGE_CURVE ( 'NONE', #3150, #2246, #2686, .T. ) ;
#1561 = CIRCLE ( 'NONE', #2031, 0.3000000000000007661 ) ;
#1562 = DIRECTION ( 'NONE',  ( 0.000000000000000000, 0.000000000000000000, 1.000000000000000000 ) ) ;
#1563 = EDGE_CURVE ( 'NONE', #457, #3202, #496, .T. ) ;
#1564 = DIRECTION ( 'NONE',  ( -2.697165131359717036E-15, 0.7660444431189700198, 0.6427876096865489108 ) ) ;
#1565 = VECTOR ( 'NONE', #1024, 1000.000000000000000 ) ;
#1566 = ORIENTED_EDGE ( 'NONE', *, *, #517, .T. ) ;
#1567 = DIRECTION ( 'NONE',  ( 1.000000000000000000, 2.941768416672979712E-17, 0.000000000000000000 ) ) ;
#1568 = CARTESIAN_POINT ( 'NONE',  ( -6.475000000000058265, 16.51085905220554295, -7.029799999999999827 ) ) ;
#1569 = AXIS2_PLACEMENT_3D ( 'NONE', #2715, #2490, #1853 ) ;
#1570 = AXIS2_PLACEMENT_3D ( 'NONE', #1586, #1026, #180 ) ;
#1571 = DIRECTION ( 'NONE',  ( 1.701333201047079371E-30, -4.832098818876900487E-16, -1.000000000000000000 ) ) ;
#1572 = AXIS2_PLACEMENT_3D ( 'NONE', #1993, #41, #584 ) ;
#1573 = ORIENTED_EDGE ( 'NONE', *, *, #1366, .F. ) ;
#1574 = CARTESIAN_POINT ( 'NONE',  ( -6.475000000000058265, 16.51085905220554295, -7.029799999999999827 ) ) ;
#1575 = VECTOR ( 'NONE', #2223, 1000.000000000000000 ) ;
#1576 = CARTESIAN_POINT ( 'NONE',  ( 3.054999999999938876, 16.51085905220557848, -7.029799999999999827 ) ) ;
#1577 = LINE ( 'NONE', #151, #1859 ) ;
#1578 = DIRECTION ( 'NONE',  ( 4.165776792494369969E-31, -1.183157132672674163E-16, 1.000000000000000000 ) ) ;
#1579 = ORIENTED_EDGE ( 'NONE', *, *, #2606, .T. ) ;
#1580 = CARTESIAN_POINT ( 'NONE',  ( -4.847400000000001263, 0.006181886560101103670, -3.324999999999999734 ) ) ;
#1581 = VERTEX_POINT ( 'NONE', #883 ) ;
#1582 = LINE ( 'NONE', #684, #336 ) ;
#1583 = PLANE ( 'NONE',  #328 ) ;
#1584 = B_SPLINE_CURVE_WITH_KNOTS ( 'NONE', 3,
 ( #1699, #1130, #2311, #3440, #2882, #1473 ),
 .UNSPECIFIED., .F., .F.,
 ( 4, 2, 4 ),
 ( 0.000000000000000000, 0.4962827613643840396, 0.9925655227287680793 ),
 .UNSPECIFIED. ) ;
#1585 = ORIENTED_EDGE ( 'NONE', *, *, #3459, .T. ) ;
#1586 = CARTESIAN_POINT ( 'NONE',  ( -6.475000000000008527, 2.399799999999977285, 5.889999999999999680 ) ) ;
#1587 = CARTESIAN_POINT ( 'NONE',  ( 4.606111260566338572, 15.38822856765378866, -4.264999999999997904 ) ) ;
#1588 = EDGE_CURVE ( 'NONE', #144, #687, #2982, .T. ) ;
#1589 = ORIENTED_EDGE ( 'NONE', *, *, #2770, .T. ) ;
#1590 = FACE_OUTER_BOUND ( 'NONE', #123, .T. ) ;
#1591 = SPHERICAL_SURFACE ( 'NONE', #150, 2.195199999999999818 ) ;
#1592 = ORIENTED_EDGE ( 'NONE', *, *, #3085, .F. ) ;
#1593 = LINE ( 'NONE', #2729, #2043 ) ;
#1594 = AXIS2_PLACEMENT_3D ( 'NONE', #1418, #3130, #587 ) ;
#1595 = ORIENTED_EDGE ( 'NONE', *, *, #2309, .F. ) ;
#1596 = ORIENTED_EDGE ( 'NONE', *, *, #2426, .F. ) ;
#1597 = CARTESIAN_POINT ( 'NONE',  ( 2.772600000000000620, -2.910199999999990350, 0.7850000000000002531 ) ) ;
#1598 = FACE_OUTER_BOUND ( 'NONE', #904, .T. ) ;
#1599 = ORIENTED_EDGE ( 'NONE', *, *, #3463, .F. ) ;
#1600 = CARTESIAN_POINT ( 'NONE',  ( -4.847399999999999487, -1.594879230343434751E-14, -3.325000000000000178 ) ) ;
#1601 = CYLINDRICAL_SURFACE ( 'NONE', #442, 0.6048000000000207654 ) ;
#1602 = EDGE_CURVE ( 'NONE', #591, #3450, #1584, .T. ) ;
#1603 = ORIENTED_EDGE ( 'NONE', *, *, #2310, .T. ) ;
#1604 = ADVANCED_FACE ( 'NONE', ( #1544 ), #3214, .F. ) ;
#1605 = DIRECTION ( 'NONE',  ( 1.701333201047079371E-30, -4.832098818876900487E-16, 1.000000000000000000 ) ) ;
#1606 = EDGE_CURVE ( 'NONE', #1403, #1036, #386, .T. ) ;
#1607 = CARTESIAN_POINT ( 'NONE',  ( -4.804954753693965408, 0.1094475194260647599, 3.324999999999999734 ) ) ;
#1608 = ORIENTED_EDGE ( 'NONE', *, *, #490, .T. ) ;
#1609 = CARTESIAN_POINT ( 'NONE',  ( 3.054999999999999272, 0.3048000000000107845, 4.985199999999999854 ) ) ;
#1610 = CARTESIAN_POINT ( 'NONE',  ( -6.475000000000060929, 17.34599999999997522, -6.941056132687144498 ) ) ;
#1611 = LINE ( 'NONE', #1342, #2980 ) ;
#1612 = ADVANCED_FACE ( 'NONE', ( #992 ), #2659, .T. ) ;
#1613 = VERTEX_POINT ( 'NONE', #3026 ) ;
#1614 = ORIENTED_EDGE ( 'NONE', *, *, #1127, .F. ) ;
#1615 = DIRECTION ( 'NONE',  ( 0.000000000000000000, 0.000000000000000000, -1.000000000000000000 ) ) ;
#1616 = CARTESIAN_POINT ( 'NONE',  ( 4.868359816404250751, 14.85721304444741797, -4.264999999999997904 ) ) ;
#1617 = ORIENTED_EDGE ( 'NONE', *, *, #1942, .F. ) ;
#1618 = FACE_OUTER_BOUND ( 'NONE', #628, .T. ) ;
#1619 = VECTOR ( 'NONE', #2739, 1000.000000000000000 ) ;
#1620 = EDGE_CURVE ( 'NONE', #75, #1730, #3046, .T. ) ;
#1621 = VECTOR ( 'NONE', #63, 1000.000000000000000 ) ;
#1622 = LINE ( 'NONE', #2157, #663 ) ;
#1623 = AXIS2_PLACEMENT_3D ( 'NONE', #440, #1844, #2921 ) ;
#1624 = ORIENTED_EDGE ( 'NONE', *, *, #1537, .T. ) ;
#1625 = VECTOR ( 'NONE', #828, 1000.000000000000000 ) ;
#1626 = DIRECTION ( 'NONE',  ( -1.000000000000000000, -3.522802011545960303E-15, 0.000000000000000000 ) ) ;
#1627 = AXIS2_PLACEMENT_3D ( 'NONE', #3603, #3639, #3271 ) ;
#1628 = CARTESIAN_POINT ( 'NONE',  ( -6.475000000000000533, 0.3047999999999772003, 4.985199999999999854 ) ) ;
#1629 = ORIENTED_EDGE ( 'NONE', *, *, #575, .T. ) ;
#1630 = AXIS2_PLACEMENT_3D ( 'NONE', #1469, #2233, #2604 ) ;
#1631 = DIRECTION ( 'NONE',  ( 1.000000000000000000, 2.941768416672979712E-17, 1.205564220626218458E-31 ) ) ;
#1632 = DIRECTION ( 'NONE',  ( -2.791525169969824793E-15, 0.7928444274392939528, 0.6094240837696340840 ) ) ;
#1633 = ORIENTED_EDGE ( 'NONE', *, *, #2767, .T. ) ;
#1634 = CARTESIAN_POINT ( 'NONE',  ( 3.088177309639017931, -0.04780133412366063816, 0.7850000000000001421 ) ) ;
#1635 = AXIS2_PLACEMENT_3D ( 'NONE', #1672, #1389, #1119 ) ;
#1636 = ORIENTED_EDGE ( 'NONE', *, *, #1817, .T. ) ;
#1637 = DIRECTION ( 'NONE',  ( -3.520899023009863541E-15, 1.000000000000000000, 0.000000000000000000 ) ) ;
#1638 = FACE_OUTER_BOUND ( 'NONE', #2755, .T. ) ;
#1639 = LINE ( 'NONE', #1919, #1289 ) ;
#1640 = ADVANCED_FACE ( 'NONE', ( #416 ), #2132, .T. ) ;
#1641 = ORIENTED_EDGE ( 'NONE', *, *, #964, .T. ) ;
#1642 = CYLINDRICAL_SURFACE ( 'NONE', #1742, 8.945199999999996265 ) ;
#1643 = CARTESIAN_POINT ( 'NONE',  ( 6.054999999999943761, 15.00000000000002132, -4.264999999999997904 ) ) ;
#1644 = CARTESIAN_POINT ( 'NONE',  ( -4.847399999999999487, -3.695200000000017582, 1.755000000000001226 ) ) ;
#1645 = CARTESIAN_POINT ( 'NONE',  ( 3.173797433623872788, -8.631692250547765206E-05, 0.7850000000000002531 ) ) ;
#1646 = ORIENTED_EDGE ( 'NONE', *, *, #1388, .F. ) ;
#1647 = CARTESIAN_POINT ( 'NONE',  ( 3.077399999999999913, -2.910199999999990350, 2.168404344971008868E-16 ) ) ;
#1648 = EDGE_CURVE ( 'NONE', #1894, #141, #2101, .T. ) ;
#1649 = ORIENTED_EDGE ( 'NONE', *, *, #85, .F. ) ;
#1650 = EDGE_CURVE ( 'NONE', #716, #402, #1920, .T. ) ;
#1651 = DIRECTION ( 'NONE',  ( -0.000000000000000000, 0.000000000000000000, -1.000000000000000000 ) ) ;
#1652 = EDGE_CURVE ( 'NONE', #2016, #453, #1498, .T. ) ;
#1653 = ORIENTED_EDGE ( 'NONE', *, *, #1178, .T. ) ;
#1654 = CARTESIAN_POINT ( 'NONE',  ( 21.56999999999998607, 4.190000000000076774, 2.540000000000009361 ) ) ;
#1655 = CARTESIAN_POINT ( 'NONE',  ( 1.772599999999999065, 0.3048000000000062881, 6.512297604710335573E-16 ) ) ;
#1656 = EDGE_CURVE ( 'NONE', #2607, #1392, #142, .T. ) ;
#1657 = ORIENTED_EDGE ( 'NONE', *, *, #3205, .F. ) ;
#1658 = LINE ( 'NONE', #3111, #1869 ) ;
#1659 = DIRECTION ( 'NONE',  ( -1.000000000000000000, -3.520899023009863935E-15, -0.000000000000000000 ) ) ;
#1660 = CARTESIAN_POINT ( 'NONE',  ( -6.475000000000034284, 9.971464282045239713, -0.07000000000000235201 ) ) ;
#1661 = DIRECTION ( 'NONE',  ( 1.000000000000000000, 3.520899023009863541E-15, 0.000000000000000000 ) ) ;
#1662 = ORIENTED_EDGE ( 'NONE', *, *, #1055, .F. ) ;
#1663 = CARTESIAN_POINT ( 'NONE',  ( -4.542599999999999305, 1.073170022213405293E-15, -1.755000000000001004 ) ) ;
#1664 = EDGE_CURVE ( 'NONE', #2440, #3150, #2867, .T. ) ;
#1665 = DIRECTION ( 'NONE',  ( -0.000000000000000000, 0.000000000000000000, 1.000000000000000000 ) ) ;
#1666 = EDGE_CURVE ( 'NONE', #2615, #1030, #1259, .T. ) ;
#1667 = ORIENTED_EDGE ( 'NONE', *, *, #2720, .F. ) ;
#1668 = CARTESIAN_POINT ( 'NONE',  ( -4.847399999999999487, -3.695200000000017582, 1.755000000000001226 ) ) ;
#1669 = CYLINDRICAL_SURFACE ( 'NONE', #989, 0.1000000000000002554 ) ;
#1670 = DIRECTION ( 'NONE',  ( -1.000000000000000000, -3.520899023009864330E-15, 1.972152263052529514E-31 ) ) ;
#1671 = DIRECTION ( 'NONE',  ( -1.156482317317871764E-14, -4.071857461172677791E-29, -1.000000000000000000 ) ) ;
#1672 = CARTESIAN_POINT ( 'NONE',  ( 5.054999999999995275, 1.420000000000017470, -4.264999999999999680 ) ) ;
#1673 = ORIENTED_EDGE ( 'NONE', *, *, #2975, .T. ) ;
#1674 = ADVANCED_FACE ( 'NONE', ( #1082 ), #2208, .T. ) ;
#1675 = DIRECTION ( 'NONE',  ( -3.944304526105059027E-31, -1.000000000000000000, -7.778769097326427134E-62 ) ) ;
#1676 = CYLINDRICAL_SURFACE ( 'NONE', #2928, 0.4000000000000010214 ) ;
#1677 = VERTEX_POINT ( 'NONE', #1293 ) ;
#1678 = CIRCLE ( 'NONE', #554, 0.3000000000000207501 ) ;
#1679 = PLANE ( 'NONE',  #120 ) ;
#1680 = AXIS2_PLACEMENT_3D ( 'NONE', #2559, #3092, #2299 ) ;
#1681 = CARTESIAN_POINT ( 'NONE',  ( -6.475000000000001421, 0.6047999999999771337, -4.985199999999999854 ) ) ;
#1682 = ORIENTED_EDGE ( 'NONE', *, *, #309, .T. ) ;
#1683 = ORIENTED_EDGE ( 'NONE', *, *, #1827, .F. ) ;
#1684 = CYLINDRICAL_SURFACE ( 'NONE', #1739, 0.6048000000000000043 ) ;
#1685 = VECTOR ( 'NONE', #170, 1000.000000000000000 ) ;
#1686 = AXIS2_PLACEMENT_3D ( 'NONE', #1496, #115, #3503 ) ;
#1687 = ORIENTED_EDGE ( 'NONE', *, *, #1063, .T. ) ;
#1688 = CARTESIAN_POINT ( 'NONE',  ( 3.054999999999994831, 0.6048000000000106624, -4.985199999999999854 ) ) ;
#1689 = DIRECTION ( 'NONE',  ( 2.697165131359717036E-15, -0.7660444431189700198, 0.6427876096865489108 ) ) ;
#1690 = CIRCLE ( 'NONE', #805, 0.7850000000000001421 ) ;
#1691 = DIRECTION ( 'NONE',  ( 0.1194669976176411380, -0.9928381723524869473, 0.000000000000000000 ) ) ;
#1692 = DIRECTION ( 'NONE',  ( -1.000000000000000000, 0.000000000000000000, 0.000000000000000000 ) ) ;
#1693 = ORIENTED_EDGE ( 'NONE', *, *, #2482, .F. ) ;
#1694 = DIRECTION ( 'NONE',  ( 0.000000000000000000, -1.000000000000000000, 0.000000000000000000 ) ) ;
#1695 = CARTESIAN_POINT ( 'NONE',  ( 3.054999999999943316, 16.09672020854138452, 6.589036959162287488 ) ) ;
#1696 = ORIENTED_EDGE ( 'NONE', *, *, #1334, .F. ) ;
#1697 = EDGE_CURVE ( 'NONE', #144, #215, #438, .T. ) ;
#1698 = DIRECTION ( 'NONE',  ( 0.1194669976176411380, -0.9928381723524869473, 0.000000000000000000 ) ) ;
#1699 = CARTESIAN_POINT ( 'NONE',  ( -4.847399999999999487, -0.1000000000000164507, 1.755000000000001004 ) ) ;
#1700 = ORIENTED_EDGE ( 'NONE', *, *, #1442, .F. ) ;
#1701 = CARTESIAN_POINT ( 'NONE',  ( 2.772600000000000176, -2.910199999999990350, -2.168404344971008868E-16 ) ) ;
#1702 = CARTESIAN_POINT ( 'NONE',  ( -6.475000000000060929, 17.15007833656751757, -7.174546478949806350 ) ) ;
#1703 = ORIENTED_EDGE ( 'NONE', *, *, #2324, .T. ) ;
#1704 = DIRECTION ( 'NONE',  ( -1.000000000000000000, -3.520899023009863935E-15, -0.000000000000000000 ) ) ;
#1705 = EDGE_CURVE ( 'NONE', #853, #820, #1986, .T. ) ;
#1706 = EDGE_LOOP ( 'NONE', ( #1339, #2875, #101, #1168 ) ) ;
#1707 = CARTESIAN_POINT ( 'NONE',  ( 3.054999999999988614, 2.399800000000011035, 5.889999999999999680 ) ) ;
#1708 = EDGE_CURVE ( 'NONE', #1208, #3442, #3097, .T. ) ;
#1709 = CARTESIAN_POINT ( 'NONE',  ( -6.475000000000056488, 16.09672020854136321, -6.589036959162299922 ) ) ;
#1710 = ORIENTED_EDGE ( 'NONE', *, *, #15, .T. ) ;
#1711 = ADVANCED_FACE ( 'NONE', ( #2825 ), #1409, .T. ) ;
#1712 = DIRECTION ( 'NONE',  ( 1.000000000000000000, 3.520899023009863935E-15, 0.000000000000000000 ) ) ;
#1713 = DIRECTION ( 'NONE',  ( 0.000000000000000000, 1.000000000000000000, 0.000000000000000000 ) ) ;
#1714 = ORIENTED_EDGE ( 'NONE', *, *, #1217, .T. ) ;
#1715 = EDGE_CURVE ( 'NONE', #2803, #2450, #3575, .T. ) ;
#1716 = ORIENTED_EDGE ( 'NONE', *, *, #2658, .F. ) ;
#1717 = EDGE_CURVE ( 'NONE', #1431, #1068, #497, .T. ) ;
#1718 = CARTESIAN_POINT ( 'NONE',  ( -6.475000000000059153, 16.70369533511153293, 6.799986667064274570 ) ) ;
#1719 = ORIENTED_EDGE ( 'NONE', *, *, #1079, .F. ) ;
#1720 = FACE_OUTER_BOUND ( 'NONE', #2368, .T. ) ;
#1721 = EDGE_CURVE ( 'NONE', #1296, #2462, #1180, .T. ) ;
#1722 = ORIENTED_EDGE ( 'NONE', *, *, #2145, .T. ) ;
#1723 = DIRECTION ( 'NONE',  ( -0.1194669976176408049, 0.9928381723524869473, 1.298127462218448460E-16 ) ) ;
#1724 = DIRECTION ( 'NONE',  ( 0.000000000000000000, 0.000000000000000000, -1.000000000000000000 ) ) ;
#1725 = ORIENTED_EDGE ( 'NONE', *, *, #994, .T. ) ;
#1726 = LINE ( 'NONE', #335, #1346 ) ;
#1727 = LINE ( 'NONE', #3144, #739 ) ;
#1728 = VERTEX_POINT ( 'NONE', #2857 ) ;
#1729 = AXIS2_PLACEMENT_3D ( 'NONE', #757, #728, #2899 ) ;
#1730 = VERTEX_POINT ( 'NONE', #2504 ) ;
#1731 = CIRCLE ( 'NONE', #2512, 0.3000000000000007661 ) ;
#1732 = VECTOR ( 'NONE', #68, 1000.000000000000114 ) ;
#1733 = LINE ( 'NONE', #654, #3044 ) ;
#1734 = ORIENTED_EDGE ( 'NONE', *, *, #2904, .F. ) ;
#1735 = DIRECTION ( 'NONE',  ( 0.000000000000000000, 0.000000000000000000, -1.000000000000000000 ) ) ;
#1736 = VECTOR ( 'NONE', #1999, 1000.000000000000000 ) ;
#1737 = ORIENTED_EDGE ( 'NONE', *, *, #404, .F. ) ;
#1738 = DIRECTION ( 'NONE',  ( 0.000000000000000000, 0.000000000000000000, 1.000000000000000000 ) ) ;
#1739 = AXIS2_PLACEMENT_3D ( 'NONE', #2282, #532, #592 ) ;
#1740 = CARTESIAN_POINT ( 'NONE',  ( -4.447399999999999132, -1.560463620630978538E-14, -1.755000000000001448 ) ) ;
#1741 = DIRECTION ( 'NONE',  ( 1.000000000000000000, 3.520899023009863935E-15, 0.000000000000000000 ) ) ;
#1742 = AXIS2_PLACEMENT_3D ( 'NONE', #599, #2570, #2235 ) ;
#1743 = EDGE_LOOP ( 'NONE', ( #586, #1776, #1132, #322 ) ) ;
#1744 = ADVANCED_FACE ( 'NONE', ( #1720 ), #3394, .F. ) ;
#1745 = DIRECTION ( 'NONE',  ( 3.469446951953615372E-15, -1.000000000000000000, 0.000000000000000000 ) ) ;
#1746 = VERTEX_POINT ( 'NONE', #3356 ) ;
#1747 = EDGE_LOOP ( 'NONE', ( #593, #3427, #2293, #2182 ) ) ;
#1748 = LINE ( 'NONE', #3149, #2523 ) ;
#1749 = DIRECTION ( 'NONE',  ( 1.701333201047079371E-30, -4.832098818876900487E-16, 1.000000000000000000 ) ) ;
#1750 = DIRECTION ( 'NONE',  ( -3.520899023009863541E-15, 1.000000000000000000, -4.832098818876899501E-16 ) ) ;
#1751 = EDGE_LOOP ( 'NONE', ( #988, #3122, #3089, #2178 ) ) ;
#1752 = DIRECTION ( 'NONE',  ( 0.000000000000000000, 0.000000000000000000, -1.000000000000000000 ) ) ;
#1753 = DIRECTION ( 'NONE',  ( 1.000000000000000000, 2.941768416672979712E-17, 1.205564220626218677E-31 ) ) ;
#1754 = EDGE_CURVE ( 'NONE', #45, #591, #1445, .T. ) ;
#1755 = ORIENTED_EDGE ( 'NONE', *, *, #2769, .T. ) ;
#1756 = EDGE_CURVE ( 'NONE', #3506, #3151, #274, .T. ) ;
#1757 = CARTESIAN_POINT ( 'NONE',  ( 3.054999999999991722, 2.399800000000011035, -5.285199999999998788 ) ) ;
#1758 = EDGE_CURVE ( 'NONE', #1020, #3312, #2294, .T. ) ;
#1759 = DIRECTION ( 'NONE',  ( -1.000000000000000000, -3.520899023009864330E-15, -1.972152263052529514E-31 ) ) ;
#1760 = CARTESIAN_POINT ( 'NONE',  ( -4.542600000000000193, -0.1000000000000153821, -3.325000000000000178 ) ) ;
#1761 = ORIENTED_EDGE ( 'NONE', *, *, #1063, .F. ) ;
#1762 = EDGE_CURVE ( 'NONE', #853, #494, #3010, .T. ) ;
#1763 = VERTEX_POINT ( 'NONE', #2136 ) ;
#1764 = CARTESIAN_POINT ( 'NONE',  ( -4.847399999999999487, -0.1000000000000164507, 0.000000000000000000 ) ) ;
#1765 = PLANE ( 'NONE',  #3042 ) ;
#1766 = DIRECTION ( 'NONE',  ( -0.000000000000000000, -0.000000000000000000, 1.000000000000000000 ) ) ;
#1767 = DIRECTION ( 'NONE',  ( 4.165776792494369969E-31, -1.183157132672674163E-16, 1.000000000000000000 ) ) ;
#1768 = CARTESIAN_POINT ( 'NONE',  ( -4.446202566376125986, -8.631692253148392168E-05, 3.324999999999999734 ) ) ;
#1769 = DIRECTION ( 'NONE',  ( 1.000000000000000000, 3.520899023009863935E-15, 0.000000000000000000 ) ) ;
#1770 = ADVANCED_FACE ( 'NONE', ( #3273 ), #232, .F. ) ;
#1771 = ORIENTED_EDGE ( 'NONE', *, *, #3367, .F. ) ;
#1772 = LINE ( 'NONE', #1465, #1321 ) ;
#1773 = CARTESIAN_POINT ( 'NONE',  ( 3.077399999999999913, -2.910199999999990350, 0.7850000000000002531 ) ) ;
#1774 = ADVANCED_FACE ( 'NONE', ( #3295 ), #734, .F. ) ;
#1775 = DIRECTION ( 'NONE',  ( -1.000000000000000000, -3.520899023009863541E-15, 0.000000000000000000 ) ) ;
#1776 = ORIENTED_EDGE ( 'NONE', *, *, #1125, .F. ) ;
#1777 =( NAMED_UNIT ( * ) PLANE_ANGLE_UNIT ( ) SI_UNIT ( $, .RADIAN. ) );
#1778 = DIRECTION ( 'NONE',  ( -3.628521326926051034E-15, 1.000000000000000000, 0.000000000000000000 ) ) ;
#1779 = CYLINDRICAL_SURFACE ( 'NONE', #3344, 0.3999999999999997446 ) ;
#1780 = ORIENTED_EDGE ( 'NONE', *, *, #2320, .T. ) ;
#1781 = DIRECTION ( 'NONE',  ( -3.888816974481730715E-15, 1.000000000000000000, 0.000000000000000000 ) ) ;
#1782 = EDGE_LOOP ( 'NONE', ( #1467, #683, #2870, #1, #1444, #1213, #179, #2650, #2485, #1716 ) ) ;
#1783 = DIRECTION ( 'NONE',  ( 1.000000000000000000, 3.520899023009863541E-15, 0.000000000000000000 ) ) ;
#1784 = CARTESIAN_POINT ( 'NONE',  ( -6.475000000000009415, 2.637653328231766903, -5.707172774869108345 ) ) ;
#1785 = VECTOR ( 'NONE', #2432, 1000.000000000000000 ) ;
#1786 = DIRECTION ( 'NONE',  ( 0.000000000000000000, 0.000000000000000000, -1.000000000000000000 ) ) ;
#1787 = ORIENTED_EDGE ( 'NONE', *, *, #667, .F. ) ;
#1788 = CARTESIAN_POINT ( 'NONE',  ( -6.475000000000058265, 16.51085905220554295, 6.424999999999979394 ) ) ;
#1789 = AXIS2_PLACEMENT_3D ( 'NONE', #1335, #1066, #1084 ) ;
#1790 = AXIS2_PLACEMENT_3D ( 'NONE', #980, #3520, #3539 ) ;
#1791 = ORIENTED_EDGE ( 'NONE', *, *, #1390, .T. ) ;
#1792 = DIRECTION ( 'NONE',  ( -0.9928381723524870583, -0.1194669976176413601, 0.000000000000000000 ) ) ;
#1793 = AXIS2_PLACEMENT_3D ( 'NONE', #1643, #1365, #540 ) ;
#1794 = DIRECTION ( 'NONE',  ( 0.000000000000000000, -0.000000000000000000, 1.000000000000000000 ) ) ;
#1795 = VECTOR ( 'NONE', #868, 1000.000000000000000 ) ;
#1796 = CARTESIAN_POINT ( 'NONE',  ( -6.475000000000001421, 0.6047999999999771337, -5.285199999999999676 ) ) ;
#1797 = ORIENTED_EDGE ( 'NONE', *, *, #1721, .F. ) ;
#1798 = VECTOR ( 'NONE', #2198, 1000.000000000000000 ) ;
#1799 = CARTESIAN_POINT ( 'NONE',  ( 6.348241047071720544, 9.633322021823394365, 0.000000000000000000 ) ) ;
#1800 = AXIS2_PLACEMENT_3D ( 'NONE', #695, #3274, #189 ) ;
#1801 = VECTOR ( 'NONE', #1399, 1000.000000000000000 ) ;
#1802 = EDGE_CURVE ( 'NONE', #3151, #1845, #2923, .T. ) ;
#1803 = ORIENTED_EDGE ( 'NONE', *, *, #3472, .T. ) ;
#1804 = CARTESIAN_POINT ( 'NONE',  ( 2.772600000000000176, -3.695199999999990492, -0.7850000000000002531 ) ) ;
#1805 = PLANE ( 'NONE',  #1868 ) ;
#1806 = CARTESIAN_POINT ( 'NONE',  ( -4.447399999999999132, -1.560463620630978538E-14, 0.9550000000000030687 ) ) ;
#1807 = FACE_OUTER_BOUND ( 'NONE', #1491, .T. ) ;
#1808 = CARTESIAN_POINT ( 'NONE',  ( -4.531822690360979067, -0.04780133412368678392, 3.324999999999999734 ) ) ;
#1809 = CARTESIAN_POINT ( 'NONE',  ( -4.542599999999999305, 1.176156318636445482E-15, 1.755000000000001004 ) ) ;
#1810 = VECTOR ( 'NONE', #1753, 1000.000000000000000 ) ;
#1811 = ORIENTED_EDGE ( 'NONE', *, *, #517, .F. ) ;
#1812 = LINE ( 'NONE', #1535, #332 ) ;
#1813 = ORIENTED_EDGE ( 'NONE', *, *, #1370, .T. ) ;
#1814 = EDGE_LOOP ( 'NONE', ( #1696, #2160, #4, #273 ) ) ;
#1815 = LINE ( 'NONE', #412, #3112 ) ;
#1816 = LINE ( 'NONE', #1835, #3216 ) ;
#1817 = EDGE_CURVE ( 'NONE', #3307, #1136, #2457, .T. ) ;
#1818 = CARTESIAN_POINT ( 'NONE',  ( 3.054999999999999272, 0.3048000000000107845, 4.985199999999999854 ) ) ;
#1819 = CARTESIAN_POINT ( 'NONE',  ( -4.447399999999999132, -1.560463620630978538E-14, -1.355000000000000648 ) ) ;
#1820 = ORIENTED_EDGE ( 'NONE', *, *, #1648, .F. ) ;
#1821 = EDGE_CURVE ( 'NONE', #308, #1527, #791, .T. ) ;
#1822 = EDGE_CURVE ( 'NONE', #3479, #3202, #2757, .T. ) ;
#1823 = EDGE_LOOP ( 'NONE', ( #1693, #2783, #1898 ) ) ;
#1824 = CARTESIAN_POINT ( 'NONE',  ( -4.447399997430331986, 0.3047857702953829517, -1.755000000000001004 ) ) ;
#1825 = DIRECTION ( 'NONE',  ( -0.000000000000000000, 0.000000000000000000, 1.000000000000000000 ) ) ;
#1826 = DIRECTION ( 'NONE',  ( 0.000000000000000000, 0.000000000000000000, 1.000000000000000000 ) ) ;
#1827 = EDGE_CURVE ( 'NONE', #2790, #3027, #3223, .T. ) ;
#1828 = FACE_OUTER_BOUND ( 'NONE', #1480, .T. ) ;
#1829 = DIRECTION ( 'NONE',  ( 1.000000000000000000, 3.520899023009863935E-15, 0.000000000000000000 ) ) ;
#1830 = EDGE_CURVE ( 'NONE', #244, #45, #54, .T. ) ;
#1831 = ORIENTED_EDGE ( 'NONE', *, *, #1606, .F. ) ;
#1832 = FACE_OUTER_BOUND ( 'NONE', #1244, .T. ) ;
#1833 = CARTESIAN_POINT ( 'NONE',  ( 3.054999999999943761, 17.15007833656754954, -7.174546478949806350 ) ) ;
#1834 = VERTEX_POINT ( 'NONE', #1246 ) ;
#1835 = CARTESIAN_POINT ( 'NONE',  ( -6.475000000000060929, 17.15007833656751757, 7.174546478949806350 ) ) ;
#1836 = CARTESIAN_POINT ( 'NONE',  ( 5.149527951300222561, 9.489082347579758547, 0.000000000000000000 ) ) ;
#1837 = CARTESIAN_POINT ( 'NONE',  ( 3.172600000000000531, 1.122461434902537102E-14, 1.185000000000000941 ) ) ;
#1838 = VERTEX_POINT ( 'NONE', #3275 ) ;
#1839 = DIRECTION ( 'NONE',  ( -3.520899023009863541E-15, 1.000000000000000000, -4.832098818876899501E-16 ) ) ;
#1840 = EDGE_LOOP ( 'NONE', ( #3350, #1404, #2777, #3179 ) ) ;
#1841 = DIRECTION ( 'NONE',  ( 0.9659258262890711988, -0.2588190451025104699, -3.062235992845698343E-17 ) ) ;
#1842 = DIRECTION ( 'NONE',  ( -3.520899023009863541E-15, 1.000000000000000000, 0.000000000000000000 ) ) ;
#1843 = CYLINDRICAL_SURFACE ( 'NONE', #1031, 1.115199999999997749 ) ;
#1844 = DIRECTION ( 'NONE',  ( 1.000000000000000000, 3.520899023009863541E-15, 0.000000000000000000 ) ) ;
#1845 = VERTEX_POINT ( 'NONE', #736 ) ;
#1846 = FACE_OUTER_BOUND ( 'NONE', #838, .T. ) ;
#1847 = LINE ( 'NONE', #3226, #1420 ) ;
#1848 = VERTEX_POINT ( 'NONE', #1867 ) ;
#1849 = CIRCLE ( 'NONE', #2567, 0.6048000000000000043 ) ;
#1850 = LINE ( 'NONE', #753, #1565 ) ;
#1851 = CARTESIAN_POINT ( 'NONE',  ( -6.475000000000057376, 16.30543303848321912, 6.811167539267000137 ) ) ;
#1852 = VECTOR ( 'NONE', #1723, 1000.000000000000227 ) ;
#1853 = DIRECTION ( 'NONE',  ( -1.000000000000000000, -3.520899023009863935E-15, 0.000000000000000000 ) ) ;
#1854 = ORIENTED_EDGE ( 'NONE', *, *, #3421, .T. ) ;
#1855 = DIRECTION ( 'NONE',  ( -0.2588190451025103589, -0.9659258262890709767, 0.000000000000000000 ) ) ;
#1856 = CARTESIAN_POINT ( 'NONE',  ( 3.054999999999994831, 0.6048000000000106624, 4.985199999999999854 ) ) ;
#1857 = CIRCLE ( 'NONE', #737, 1.499999999999999556 ) ;
#1858 = AXIS2_PLACEMENT_3D ( 'NONE', #808, #3065, #555 ) ;
#1859 = VECTOR ( 'NONE', #2704, 1000.000000000000000 ) ;
#1860 = AXIS2_PLACEMENT_3D ( 'NONE', #1523, #2078, #2376 ) ;
#1861 = VECTOR ( 'NONE', #3387, 1000.000000000000000 ) ;
#1862 = VERTEX_POINT ( 'NONE', #1806 ) ;
#1863 = AXIS2_PLACEMENT_3D ( 'NONE', #18, #3650, #1095 ) ;
#1864 = CARTESIAN_POINT ( 'NONE',  ( 3.066643770820701942, 0.3035513407999673730, 0.7850000000000003642 ) ) ;
#1865 = DIRECTION ( 'NONE',  ( -1.000000000000000000, -3.520899023009863541E-15, 0.000000000000000000 ) ) ;
#1866 = ADVANCED_FACE ( 'NONE', ( #2383, #1548, #2123 ), #2789, .T. ) ;
#1867 = CARTESIAN_POINT ( 'NONE',  ( 3.054999999999994831, 0.6048000000000107734, 5.589999999999999858 ) ) ;
#1868 = AXIS2_PLACEMENT_3D ( 'NONE', #976, #1865, #1825 ) ;
#1869 = VECTOR ( 'NONE', #245, 1000.000000000000000 ) ;
#1870 = CARTESIAN_POINT ( 'NONE',  ( 3.055000000000000604, 1.086476673254368577E-14, 4.985199999999999854 ) ) ;
#1871 = DIRECTION ( 'NONE',  ( -0.1194669976176413739, 0.9928381723524868363, 0.000000000000000000 ) ) ;
#1872 = DIRECTION ( 'NONE',  ( 0.000000000000000000, 0.000000000000000000, 1.000000000000000000 ) ) ;
#1873 = ORIENTED_EDGE ( 'NONE', *, *, #1656, .T. ) ;
#1874 = CYLINDRICAL_SURFACE ( 'NONE', #1210, 0.3000000000000207501 ) ;
#1875 = DIRECTION ( 'NONE',  ( 0.000000000000000000, 0.000000000000000000, -1.000000000000000000 ) ) ;
#1876 = VECTOR ( 'NONE', #990, 1000.000000000000000 ) ;
#1877 = ORIENTED_EDGE ( 'NONE', *, *, #928, .F. ) ;
#1878 = CARTESIAN_POINT ( 'NONE',  ( -6.475000000000001421, 0.6047999999999772447, 5.589999999999999858 ) ) ;
#1879 = CARTESIAN_POINT ( 'NONE',  ( 3.054999999999988614, 2.399800000000011035, 5.589999999999998970 ) ) ;
#1880 = EDGE_CURVE ( 'NONE', #3096, #2405, #730, .T. ) ;
#1881 = ADVANCED_FACE ( 'NONE', ( #2738 ), #1065, .T. ) ;
#1882 = ORIENTED_EDGE ( 'NONE', *, *, #1275, .F. ) ;
#1883 = EDGE_CURVE ( 'NONE', #1902, #1182, #1506, .T. ) ;
#1884 = CARTESIAN_POINT ( 'NONE',  ( 4.868359816404250751, 14.85721304444741619, 4.265000000000001457 ) ) ;
#1885 = ORIENTED_EDGE ( 'NONE', *, *, #1947, .T. ) ;
#1886 = ADVANCED_FACE ( 'NONE', ( #1638 ), #1601, .T. ) ;
#1887 = CARTESIAN_POINT ( 'NONE',  ( 3.172600000000000531, 1.122461434902537102E-14, 1.185000000000000941 ) ) ;
#1888 = PLANE ( 'NONE',  #2150 ) ;
#1889 = EDGE_LOOP ( 'NONE', ( #2153, #666, #3560, #1460 ) ) ;
#1890 = VECTOR ( 'NONE', #3566, 1000.000000000000000 ) ;
#1891 = DIRECTION ( 'NONE',  ( 1.000000000000000000, 3.520899023009863541E-15, 0.000000000000000000 ) ) ;
#1892 = ORIENTED_EDGE ( 'NONE', *, *, #957, .T. ) ;
#1893 = EDGE_CURVE ( 'NONE', #3620, #2237, #55, .T. ) ;
#1894 = VERTEX_POINT ( 'NONE', #2292 ) ;
#1895 = CARTESIAN_POINT ( 'NONE',  ( -6.474999999999999645, -2.274361106536459120E-14, -0.9549999999999997380 ) ) ;
#1896 = CARTESIAN_POINT ( 'NONE',  ( 3.173797433623872788, -8.631692250547765206E-05, 0.7850000000000002531 ) ) ;
#1897 = VECTOR ( 'NONE', #3556, 1000.000000000000000 ) ;
#1898 = ORIENTED_EDGE ( 'NONE', *, *, #1588, .T. ) ;
#1899 = CARTESIAN_POINT ( 'NONE',  ( 1.772599999999999287, 0.3048000000000062881, 1.585000000000000853 ) ) ;
#1900 = CARTESIAN_POINT ( 'NONE',  ( -6.474999999999999645, -2.274361106536459120E-14, 4.125000000000000888 ) ) ;
#1901 = DIRECTION ( 'NONE',  ( 1.000000000000000000, -3.944304526105059027E-31, -0.000000000000000000 ) ) ;
#1902 = VERTEX_POINT ( 'NONE', #2846 ) ;
#1903 = CARTESIAN_POINT ( 'NONE',  ( 2.963901450091523060, 0.2596360052624590575, 0.7850000000000003642 ) ) ;
#1904 = DIRECTION ( 'NONE',  ( -1.000000000000000000, -3.520899023009863541E-15, -1.604165771087251847E-15 ) ) ;
#1905 = CARTESIAN_POINT ( 'NONE',  ( -6.475000000000010303, 2.879312309715262863, -5.521420314136124219 ) ) ;
#1906 = ORIENTED_EDGE ( 'NONE', *, *, #3191, .T. ) ;
#1907 = LINE ( 'NONE', #3351, #225 ) ;
#1908 = DIRECTION ( 'NONE',  ( 0.1194669976176413462, -0.9928381723524869473, 0.000000000000000000 ) ) ;
#1909 = ORIENTED_EDGE ( 'NONE', *, *, #3477, .T. ) ;
#1910 = DIRECTION ( 'NONE',  ( -0.000000000000000000, 0.000000000000000000, -1.000000000000000000 ) ) ;
#1911 = CARTESIAN_POINT ( 'NONE',  ( -4.442599999999999660, 0.3047999999999851939, 1.755000000000001004 ) ) ;
#1912 = AXIS2_PLACEMENT_3D ( 'NONE', #1654, #262, #2495 ) ;
#1913 = ORIENTED_EDGE ( 'NONE', *, *, #3630, .F. ) ;
#1914 = DIRECTION ( 'NONE',  ( -1.000000000000000000, -3.520899023009863541E-15, 0.000000000000000000 ) ) ;
#1915 = AXIS2_PLACEMENT_3D ( 'NONE', #2348, #2941, #3481 ) ;
#1916 = DIRECTION ( 'NONE',  ( 0.000000000000000000, 0.000000000000000000, -1.000000000000000000 ) ) ;
#1917 = CIRCLE ( 'NONE', #2090, 0.6048000000000207654 ) ;
#1918 = DIRECTION ( 'NONE',  ( 1.000000000000000000, 3.520899023009863935E-15, 0.000000000000000000 ) ) ;
#1919 = CARTESIAN_POINT ( 'NONE',  ( 21.56999999999998607, 4.190000000000076774, 3.300000000000009592 ) ) ;
#1920 = CIRCLE ( 'NONE', #1311, 0.6048000000000207654 ) ;
#1921 = ORIENTED_EDGE ( 'NONE', *, *, #2922, .T. ) ;
#1922 = DIRECTION ( 'NONE',  ( -1.000000000000000000, -3.520899023009866302E-15, 0.000000000000000000 ) ) ;
#1923 = CARTESIAN_POINT ( 'NONE',  ( 3.054999999999999272, 0.3048000000000122278, -4.264999999999999680 ) ) ;
#1924 = VECTOR ( 'NONE', #1842, 1000.000000000000000 ) ;
#1925 = CARTESIAN_POINT ( 'NONE',  ( -6.475000000000000533, 0.3047999999999772003, 4.125000000000000888 ) ) ;
#1926 = AXIS2_PLACEMENT_3D ( 'NONE', #3348, #3114, #1698 ) ;
#1927 = ADVANCED_FACE ( 'NONE', ( #3153 ), #2807, .F. ) ;
#1928 = LINE ( 'NONE', #2555, #1736 ) ;
#1929 = ORIENTED_EDGE ( 'NONE', *, *, #1488, .F. ) ;
#1930 = AXIS2_PLACEMENT_3D ( 'NONE', #3175, #1759, #2894 ) ;
#1931 = DIRECTION ( 'NONE',  ( -0.000000000000000000, 0.000000000000000000, 1.000000000000000000 ) ) ;
#1932 = EDGE_CURVE ( 'NONE', #2924, #3342, #317, .T. ) ;
#1933 = CARTESIAN_POINT ( 'NONE',  ( -4.442599999999999660, 0.3047999999999851939, 1.755000000000001004 ) ) ;
#1934 = ORIENTED_EDGE ( 'NONE', *, *, #2809, .F. ) ;
#1935 = DIRECTION ( 'NONE',  ( 0.000000000000000000, 0.000000000000000000, -1.000000000000000000 ) ) ;
#1936 = LINE ( 'NONE', #1616, #3571 ) ;
#1937 = ORIENTED_EDGE ( 'NONE', *, *, #3205, .T. ) ;
#1938 = DIRECTION ( 'NONE',  ( 1.000000000000000000, 3.520899023009863935E-15, 0.000000000000000000 ) ) ;
#1939 = DIRECTION ( 'NONE',  ( 1.000000000000000000, 3.520899023009863935E-15, -0.000000000000000000 ) ) ;
#1940 = EDGE_CURVE ( 'NONE', #2607, #2287, #2026, .T. ) ;
#1941 = EDGE_LOOP ( 'NONE', ( #3173, #884, #400, #1144 ) ) ;
#1942 = EDGE_CURVE ( 'NONE', #1902, #3465, #616, .T. ) ;
#1943 = CARTESIAN_POINT ( 'NONE',  ( -4.542600000000000193, -0.1000000000000153821, 1.755000000000001004 ) ) ;
#1944 = DIRECTION ( 'NONE',  ( -1.000000000000000000, -3.520899023009863935E-15, -0.000000000000000000 ) ) ;
#1945 = VERTEX_POINT ( 'NONE', #1140 ) ;
#1946 = DIRECTION ( 'NONE',  ( 0.000000000000000000, 0.000000000000000000, -1.000000000000000000 ) ) ;
#1947 = EDGE_CURVE ( 'NONE', #2787, #1431, #1430, .T. ) ;
#1948 = EDGE_LOOP ( 'NONE', ( #2586, #1803, #3557 ) ) ;
#1949 = CARTESIAN_POINT ( 'NONE',  ( 4.868359816404250751, 14.85721304444741797, -4.264999999999997904 ) ) ;
#1950 = PLANE ( 'NONE',  #1037 ) ;
#1951 = CARTESIAN_POINT ( 'NONE',  ( -4.447399996189443705, 0.3047857703162251686, 1.755000000000002558 ) ) ;
#1952 = CARTESIAN_POINT ( 'NONE',  ( -6.475000000000008527, 2.399799999999977285, -5.285199999999998788 ) ) ;
#1953 = ORIENTED_EDGE ( 'NONE', *, *, #1588, .F. ) ;
#1954 = DIRECTION ( 'NONE',  ( -1.000000000000000000, -3.520899023009863541E-15, 0.000000000000000000 ) ) ;
#1955 = DIRECTION ( 'NONE',  ( 0.000000000000000000, 0.000000000000000000, -1.000000000000000000 ) ) ;
#1956 = B_SPLINE_CURVE_WITH_KNOTS ( 'NONE', 3,
 ( #689, #1242, #2374, #705, #2095, #2446 ),
 .UNSPECIFIED., .F., .F.,
 ( 4, 2, 4 ),
 ( 0.000000000000000000, 0.5000000000000000000, 1.000000000000000000 ),
 .UNSPECIFIED. ) ;
#1957 = ORIENTED_EDGE ( 'NONE', *, *, #1253, .T. ) ;
#1958 =( LENGTH_UNIT ( ) NAMED_UNIT ( * ) SI_UNIT ( .MILLI., .METRE. ) );
#1959 = DIRECTION ( 'NONE',  ( -1.000000000000000000, -3.520899023009866302E-15, 0.000000000000000000 ) ) ;
#1960 = DIRECTION ( 'NONE',  ( 0.000000000000000000, 0.000000000000000000, -1.000000000000000000 ) ) ;
#1961 = ORIENTED_EDGE ( 'NONE', *, *, #2969, .T. ) ;
#1962 = ORIENTED_EDGE ( 'NONE', *, *, #1880, .T. ) ;
#1963 = DIRECTION ( 'NONE',  ( 1.000000000000000000, 3.520899023009863541E-15, 0.000000000000000000 ) ) ;
#1964 = DIRECTION ( 'NONE',  ( -2.263190266948215021E-15, 0.6427876096865489108, 0.7660444431189700198 ) ) ;
#1965 = DIRECTION ( 'NONE',  ( -3.520899023009863541E-15, 1.000000000000000000, 0.000000000000000000 ) ) ;
#1966 = ORIENTED_EDGE ( 'NONE', *, *, #1177, .T. ) ;
#1967 = CARTESIAN_POINT ( 'NONE',  ( -6.475000000000001421, 0.6047999999999771337, -4.985199999999999854 ) ) ;
#1968 = DIRECTION ( 'NONE',  ( 0.000000000000000000, 0.000000000000000000, -1.000000000000000000 ) ) ;
#1969 = CARTESIAN_POINT ( 'NONE',  ( 3.054999999999994831, 0.6048000000000107734, -5.589999999999999858 ) ) ;
#1970 = EDGE_CURVE ( 'NONE', #2405, #2462, #2589, .T. ) ;
#1971 = ORIENTED_EDGE ( 'NONE', *, *, #2912, .T. ) ;
#1972 = CARTESIAN_POINT ( 'NONE',  ( 4.606111260566340349, 15.38822856765379221, -4.264999999999997904 ) ) ;
#1973 = LINE ( 'NONE', #3106, #2630 ) ;
#1974 = FACE_OUTER_BOUND ( 'NONE', #1889, .T. ) ;
#1975 = ORIENTED_EDGE ( 'NONE', *, *, #1111, .F. ) ;
#1976 = VECTOR ( 'NONE', #860, 999.9999999999998863 ) ;
#1977 =( NAMED_UNIT ( * ) SI_UNIT ( $, .STERADIAN. ) SOLID_ANGLE_UNIT ( ) );
#1978 = AXIS2_PLACEMENT_3D ( 'NONE', #3582, #725, #781 ) ;
#1979 = VECTOR ( 'NONE', #2681, 1000.000000000000000 ) ;
#1980 = AXIS2_PLACEMENT_3D ( 'NONE', #3519, #2997, #979 ) ;
#1981 = CARTESIAN_POINT ( 'NONE',  ( -6.475000000000034284, 9.971464282045239713, -0.07000000000000235201 ) ) ;
#1982 = CARTESIAN_POINT ( 'NONE',  ( -6.475000000000058265, 16.51085905220554295, -7.029799999999999827 ) ) ;
#1983 = ORIENTED_EDGE ( 'NONE', *, *, #1830, .F. ) ;
#1984 = ORIENTED_EDGE ( 'NONE', *, *, #1355, .T. ) ;
#1985 = DIRECTION ( 'NONE',  ( 0.000000000000000000, 0.000000000000000000, -1.000000000000000000 ) ) ;
#1986 = CIRCLE ( 'NONE', #44, 0.6048000000000000043 ) ;
#1987 = VECTOR ( 'NONE', #1207, 1000.000000000000000 ) ;
#1988 = ORIENTED_EDGE ( 'NONE', *, *, #2720, .T. ) ;
#1989 = CARTESIAN_POINT ( 'NONE',  ( -6.475000000000000533, 0.3047999999999772003, -4.985199999999999854 ) ) ;
#1990 = ORIENTED_EDGE ( 'NONE', *, *, #957, .F. ) ;
#1991 = PLANE ( 'NONE',  #2449 ) ;
#1992 = EDGE_CURVE ( 'NONE', #3342, #1945, #125, .T. ) ;
#1993 = CARTESIAN_POINT ( 'NONE',  ( -6.475000000000001421, 0.6047999999999771337, -4.985199999999999854 ) ) ;
#1994 = ADVANCED_FACE ( 'NONE', ( #351 ), #2832, .T. ) ;
#1995 = AXIS2_PLACEMENT_3D ( 'NONE', #2377, #662, #2934 ) ;
#1996 = ADVANCED_FACE ( 'NONE', ( #3363 ), #2566, .F. ) ;
#1997 = ORIENTED_EDGE ( 'NONE', *, *, #3472, .F. ) ;
#1998 = LINE ( 'NONE', #2791, #3464 ) ;
#1999 = DIRECTION ( 'NONE',  ( -1.000000000000000000, -3.520899023009863541E-15, -1.604165771087251847E-15 ) ) ;
#2000 = DIRECTION ( 'NONE',  ( -3.944304526105059027E-31, -1.000000000000000000, -7.778769097326427134E-62 ) ) ;
#2001 = ORIENTED_EDGE ( 'NONE', *, *, #792, .T. ) ;
#2002 = ORIENTED_EDGE ( 'NONE', *, *, #303, .F. ) ;
#2003 = CYLINDRICAL_SURFACE ( 'NONE', #731, 0.7850000000000001421 ) ;
#2004 = ADVANCED_FACE ( 'NONE', ( #541 ), #1676, .F. ) ;
#2005 = ORIENTED_EDGE ( 'NONE', *, *, #720, .T. ) ;
#2006 = DIRECTION ( 'NONE',  ( -2.263190266948215021E-15, 0.6427876096865489108, -0.7660444431189700198 ) ) ;
#2007 = CARTESIAN_POINT ( 'NONE',  ( 3.054999999999938876, 17.34600000000001074, -6.941056132687144498 ) ) ;
#2008 = VECTOR ( 'NONE', #2792, 1000.000000000000000 ) ;
#2009 = ORIENTED_EDGE ( 'NONE', *, *, #810, .F. ) ;
#2010 =( NAMED_UNIT ( * ) SI_UNIT ( $, .STERADIAN. ) SOLID_ANGLE_UNIT ( ) );
#2011 = CARTESIAN_POINT ( 'NONE',  ( -6.475000000000008527, 2.399799999999977285, -5.589999999999998970 ) ) ;
#2012 = EDGE_LOOP ( 'NONE', ( #2851, #3082, #1585, #1725, #311, #2272 ) ) ;
#2013 = AXIS2_PLACEMENT_3D ( 'NONE', #2907, #930, #2062 ) ;
#2014 = LINE ( 'NONE', #26, #1029 ) ;
#2015 = ORIENTED_EDGE ( 'NONE', *, *, #2216, .F. ) ;
#2016 = VERTEX_POINT ( 'NONE', #283 ) ;
#2017 = DIRECTION ( 'NONE',  ( 1.000000000000000000, 3.520899023009863541E-15, -2.138887694783002364E-16 ) ) ;
#2018 = DIRECTION ( 'NONE',  ( 1.000000000000000000, 3.520899023009863541E-15, -2.138887694783002364E-16 ) ) ;
#2019 = ORIENTED_EDGE ( 'NONE', *, *, #1013, .F. ) ;
#2020 = CARTESIAN_POINT ( 'NONE',  ( -4.445800000000000196, 0.3047999999999843612, -1.754999999999998783 ) ) ;
#2021 = CYLINDRICAL_SURFACE ( 'NONE', #3213, 0.2999999999999999334 ) ;
#2022 = ORIENTED_EDGE ( 'NONE', *, *, #1484, .F. ) ;
#2023 = ORIENTED_EDGE ( 'NONE', *, *, #3141, .F. ) ;
#2024 = LINE ( 'NONE', #3152, #1732 ) ;
#2025 = B_SPLINE_CURVE_WITH_KNOTS ( 'NONE', 3,
 ( #3483, #2902, #3219, #1530 ),
 .UNSPECIFIED., .F., .F.,
 ( 4, 4 ),
 ( 0.000000000000000000, 1.000000000000000000 ),
 .UNSPECIFIED. ) ;
#2026 = LINE ( 'NONE', #1176, #861 ) ;
#2027 = EDGE_LOOP ( 'NONE', ( #1344, #2022, #3598 ) ) ;
#2028 =( BOUNDED_CURVE ( )  B_SPLINE_CURVE ( 3, ( #1254, #2395, #3528, #987 ),
 .UNSPECIFIED., .F., .T. ) 
 B_SPLINE_CURVE_WITH_KNOTS ( ( 4, 4 ),
 ( 1.570796326794896780, 4.712388980384689674 ),
 .UNSPECIFIED. ) 
 CURVE ( )  GEOMETRIC_REPRESENTATION_ITEM ( )  RATIONAL_B_SPLINE_CURVE ( ( 1.000000000000000000, 0.3333333333333333703, 0.3333333333333333703, 1.000000000000000000 ) ) 
 REPRESENTATION_ITEM ( '' )  );
#2029 = PLANE ( 'NONE',  #615 ) ;
#2030 = ORIENTED_EDGE ( 'NONE', *, *, #2895, .F. ) ;
#2031 = AXIS2_PLACEMENT_3D ( 'NONE', #1707, #1938, #3636 ) ;
#2032 = EDGE_LOOP ( 'NONE', ( #1001, #3062, #1459, #985 ) ) ;
#2033 = EDGE_CURVE ( 'NONE', #1728, #3393, #2269, .T. ) ;
#2034 = VECTOR ( 'NONE', #1531, 1000.000000000000000 ) ;
#2035 = EDGE_CURVE ( 'NONE', #1194, #298, #1973, .T. ) ;
#2036 = FACE_OUTER_BOUND ( 'NONE', #2953, .T. ) ;
#2037 = EDGE_CURVE ( 'NONE', #2878, #907, #3127, .T. ) ;
#2038 = VECTOR ( 'NONE', #698, 1000.000000000000000 ) ;
#2039 = ORIENTED_EDGE ( 'NONE', *, *, #2658, .T. ) ;
#2040 = AXIS2_PLACEMENT_3D ( 'NONE', #1887, #2165, #3298 ) ;
#2041 = CARTESIAN_POINT ( 'NONE',  ( 3.077399999999999913, -2.910199999999990350, -0.7850000000000002531 ) ) ;
#2042 = AXIS2_PLACEMENT_3D ( 'NONE', #659, #396, #1521 ) ;
#2043 = VECTOR ( 'NONE', #3608, 1000.000000000000000 ) ;
#2044 = ORIENTED_EDGE ( 'NONE', *, *, #1425, .F. ) ;
#2045 = SURFACE_SIDE_STYLE ('',( #397 ) ) ;
#2046 = AXIS2_PLACEMENT_3D ( 'NONE', #310, #3135, #1424 ) ;
#2047 = EDGE_CURVE ( 'NONE', #874, #1173, #877, .T. ) ;
#2048 = DIRECTION ( 'NONE',  ( 0.1194669976176413601, -0.9928381723524868363, 0.000000000000000000 ) ) ;
#2049 = LINE ( 'NONE', #1760, #3468 ) ;
#2050 = VECTOR ( 'NONE', #2778, 1000.000000000000000 ) ;
#2051 = ORIENTED_EDGE ( 'NONE', *, *, #2809, .T. ) ;
#2052 = EDGE_CURVE ( 'NONE', #3376, #3502, #706, .T. ) ;
#2053 = EDGE_CURVE ( 'NONE', #144, #1475, #675, .T. ) ;
#2054 = LINE ( 'NONE', #1192, #2448 ) ;
#2055 = ORIENTED_EDGE ( 'NONE', *, *, #792, .F. ) ;
#2056 = ORIENTED_EDGE ( 'NONE', *, *, #1650, .F. ) ;
#2057 = CARTESIAN_POINT ( 'NONE',  ( -4.446202566376125986, -8.631692253147574951E-05, -1.755000000000001226 ) ) ;
#2058 = DIRECTION ( 'NONE',  ( -0.9659258262890711988, 0.2588190451025104699, 3.062235992845698343E-17 ) ) ;
#2059 = CARTESIAN_POINT ( 'NONE',  ( -6.475000000000034284, 9.971464282045239713, 0.07000000000000235201 ) ) ;
#2060 = EDGE_LOOP ( 'NONE', ( #993, #1131, #631, #2318, #479, #937 ) ) ;
#2061 = DIRECTION ( 'NONE',  ( 1.000000000000000000, -0.000000000000000000, -0.000000000000000000 ) ) ;
#2062 = DIRECTION ( 'NONE',  ( 0.000000000000000000, 0.000000000000000000, -1.000000000000000000 ) ) ;
#2063 = ADVANCED_FACE ( 'NONE', ( #3448 ), #911, .F. ) ;
#2064 = ORIENTED_EDGE ( 'NONE', *, *, #2420, .T. ) ;
#2065 = CARTESIAN_POINT ( 'NONE',  ( 3.172600003810556402, 0.3047857703162516474, -0.7850000000000001421 ) ) ;
#2066 = ORIENTED_EDGE ( 'NONE', *, *, #2975, .F. ) ;
#2067 = DIRECTION ( 'NONE',  ( -1.000000000000000000, -3.520899023009863935E-15, -0.000000000000000000 ) ) ;
#2068 = EDGE_LOOP ( 'NONE', ( #1199, #3086, #1722, #3431 ) ) ;
#2069 = DIRECTION ( 'NONE',  ( 0.000000000000000000, 0.000000000000000000, 1.000000000000000000 ) ) ;
#2070 = DIRECTION ( 'NONE',  ( 1.000000000000000000, 3.520899023009863541E-15, 0.000000000000000000 ) ) ;
#2071 = DIRECTION ( 'NONE',  ( 0.000000000000000000, 0.000000000000000000, 1.000000000000000000 ) ) ;
#2072 = FACE_OUTER_BOUND ( 'NONE', #1706, .T. ) ;
#2073 = ORIENTED_EDGE ( 'NONE', *, *, #880, .T. ) ;
#2074 = CARTESIAN_POINT ( 'NONE',  ( -4.442599999999998772, -0.1000000000000150352, 1.755000000000001004 ) ) ;
#2075 = CARTESIAN_POINT ( 'NONE',  ( -6.475000000000059153, 16.70369533511151872, 6.799986667064291446 ) ) ;
#2076 = VERTEX_POINT ( 'NONE', #3492 ) ;
#2077 = CYLINDRICAL_SURFACE ( 'NONE', #219, 1.195200000000002261 ) ;
#2078 = DIRECTION ( 'NONE',  ( -1.000000000000000000, -3.520899023009863541E-15, 0.000000000000000000 ) ) ;
#2079 = ADVANCED_FACE ( 'NONE', ( #379 ), #953, .T. ) ;
#2080 = ORIENTED_EDGE ( 'NONE', *, *, #2192, .F. ) ;
#2081 = ORIENTED_EDGE ( 'NONE', *, *, #190, .T. ) ;
#2082 = PLANE ( 'NONE',  #793 ) ;
#2083 = CARTESIAN_POINT ( 'NONE',  ( -4.494798665876327703, -0.01077730963903365986, 1.755000000000000782 ) ) ;
#2084 = CARTESIAN_POINT ( 'NONE',  ( -4.447399999999998244, -1.560463620630978222E-14, 4.125000000000004441 ) ) ;
#2085 = LINE ( 'NONE', #2886, #2333 ) ;
#2086 = CYLINDRICAL_SURFACE ( 'NONE', #3572, 0.3000000000000207501 ) ;
#2087 = ORIENTED_EDGE ( 'NONE', *, *, #345, .F. ) ;
#2088 = DIRECTION ( 'NONE',  ( -1.000000000000000000, -3.520899023009863541E-15, 0.000000000000000000 ) ) ;
#2089 = CARTESIAN_POINT ( 'NONE',  ( 3.172599999999999643, 0.3048000000000112286, 1.585000000000000853 ) ) ;
#2090 = AXIS2_PLACEMENT_3D ( 'NONE', #2633, #1483, #1738 ) ;
#2091 = AXIS2_PLACEMENT_3D ( 'NONE', #127, #2621, #418 ) ;
#2092 = ADVANCED_FACE ( 'NONE', ( #3209 ), #2653, .F. ) ;
#2093 = ORIENTED_EDGE ( 'NONE', *, *, #563, .F. ) ;
#2094 = EDGE_LOOP ( 'NONE', ( #1820, #2710, #3004, #732 ) ) ;
#2095 = CARTESIAN_POINT ( 'NONE',  ( -4.542599999999998417, -0.07382006122010008331, -1.755000000000001004 ) ) ;
#2096 = AXIS2_PLACEMENT_3D ( 'NONE', #889, #294, #3077 ) ;
#2097 = CIRCLE ( 'NONE', #801, 2.505493963273511593 ) ;
#2098 = VERTEX_POINT ( 'NONE', #1540 ) ;
#2099 = CIRCLE ( 'NONE', #1789, 0.4000000000000010214 ) ;
#2100 = EDGE_CURVE ( 'NONE', #1475, #1559, #2273, .T. ) ;
#2101 = LINE ( 'NONE', #668, #3105 ) ;
#2102 = CARTESIAN_POINT ( 'NONE',  ( 0.1875999999999997947, 7.147307653409249167E-16, 6.512297604710335573E-16 ) ) ;
#2103 = EDGE_CURVE ( 'NONE', #891, #1416, #784, .T. ) ;
#2104 = AXIS2_PLACEMENT_3D ( 'NONE', #3546, #3359, #1219 ) ;
#2105 = CARTESIAN_POINT ( 'NONE',  ( 3.054999999999991722, 2.399800000000011035, 5.889999999999999680 ) ) ;
#2106 = VERTEX_POINT ( 'NONE', #1879 ) ;
#2107 = DIRECTION ( 'NONE',  ( 0.000000000000000000, 1.000000000000000000, 0.000000000000000000 ) ) ;
#2108 = DIRECTION ( 'NONE',  ( -1.000000000000000000, -3.520899023009863541E-15, 0.000000000000000000 ) ) ;
#2109 = DIRECTION ( 'NONE',  ( -0.2588190451025103589, -0.9659258262890709767, 0.000000000000000000 ) ) ;
#2110 = CARTESIAN_POINT ( 'NONE',  ( 4.606111260566340349, 15.38822856765379221, 4.265000000000001457 ) ) ;
#2111 = CARTESIAN_POINT ( 'NONE',  ( 5.054999999999999716, 0.3048000000000177234, 4.264999999999999680 ) ) ;
#2112 = FACE_OUTER_BOUND ( 'NONE', #323, .T. ) ;
#2113 = ORIENTED_EDGE ( 'NONE', *, *, #1257, .F. ) ;
#2114 = DIRECTION ( 'NONE',  ( 1.000000000000000000, 3.520899023009863935E-15, 0.000000000000000000 ) ) ;
#2115 = ORIENTED_EDGE ( 'NONE', *, *, #2100, .F. ) ;
#2116 = DIRECTION ( 'NONE',  ( 1.000000000000000000, 3.520899023009863935E-15, 0.000000000000000000 ) ) ;
#2117 = DIRECTION ( 'NONE',  ( 1.000000000000000000, 3.520899023009863541E-15, 0.000000000000000000 ) ) ;
#2118 = ORIENTED_EDGE ( 'NONE', *, *, #3463, .T. ) ;
#2119 = ADVANCED_FACE ( 'NONE', ( #1598 ), #2447, .F. ) ;
#2120 = ORIENTED_EDGE ( 'NONE', *, *, #2761, .F. ) ;
#2121 = CARTESIAN_POINT ( 'NONE',  ( 3.054999999999989946, 2.879312309715296614, -5.521420314136124219 ) ) ;
#2122 = DIRECTION ( 'NONE',  ( -1.000000000000000000, -3.520899023009864330E-15, 1.972152263052529514E-31 ) ) ;
#2123 = FACE_OUTER_BOUND ( 'NONE', #2337, .T. ) ;
#2124 = CARTESIAN_POINT ( 'NONE',  ( -4.444199999999999484, 0.3047999999999843612, 3.325000000000000178 ) ) ;
#2125 = PLANE ( 'NONE',  #800 ) ;
#2126 = EDGE_LOOP ( 'NONE', ( #1633, #2721 ) ) ;
#2127 = LINE ( 'NONE', #3332, #916 ) ;
#2128 = ORIENTED_EDGE ( 'NONE', *, *, #1754, .T. ) ;
#2129 = LINE ( 'NONE', #704, #2519 ) ;
#2130 = DIRECTION ( 'NONE',  ( 0.1194669976176413601, -0.9928381723524868363, 0.000000000000000000 ) ) ;
#2131 = ORIENTED_EDGE ( 'NONE', *, *, #2866, .T. ) ;
#2132 = CYLINDRICAL_SURFACE ( 'NONE', #3158, 5.500766258163480416 ) ;
#2133 = DIRECTION ( 'NONE',  ( 0.000000000000000000, 0.000000000000000000, -1.000000000000000000 ) ) ;
#2134 = DIRECTION ( 'NONE',  ( -1.000000000000000000, -3.520899023009863541E-15, 0.000000000000000000 ) ) ;
#2135 = ORIENTED_EDGE ( 'NONE', *, *, #950, .T. ) ;
#2136 = CARTESIAN_POINT ( 'NONE',  ( 4.565742741471213506, 14.82079950357355891, 4.265000000000001457 ) ) ;
#2137 = DIRECTION ( 'NONE',  ( 4.165776792494369969E-31, -1.183157132672674163E-16, 1.000000000000000000 ) ) ;
#2138 = LINE ( 'NONE', #1943, #2008 ) ;
#2139 = DIRECTION ( 'NONE',  ( -1.000000000000000000, -3.520899023009863541E-15, 0.000000000000000000 ) ) ;
#2140 = CARTESIAN_POINT ( 'NONE',  ( 2.772600000000000176, -0.09999999999999006906, 0.7850000000000002531 ) ) ;
#2141 = ORIENTED_EDGE ( 'NONE', *, *, #742, .T. ) ;
#2142 = ADVANCED_FACE ( 'NONE', ( #2469 ), #1059, .F. ) ;
#2143 = CARTESIAN_POINT ( 'NONE',  ( -4.805768858195761162, 0.1082330676567381800, -3.325000000000000622 ) ) ;
#2144 = DIRECTION ( 'NONE',  ( 1.000000000000000000, 3.520899023009863935E-15, 0.000000000000000000 ) ) ;
#2145 = EDGE_CURVE ( 'NONE', #2416, #3376, #804, .T. ) ;
#2146 = ADVANCED_FACE ( 'NONE', ( #2412 ), #2842, .T. ) ;
#2147 = ORIENTED_EDGE ( 'NONE', *, *, #2697, .F. ) ;
#2148 = DIRECTION ( 'NONE',  ( 1.701333201047079371E-30, -4.832098818876900487E-16, -1.000000000000000000 ) ) ;
#2149 = VECTOR ( 'NONE', #1965, 1000.000000000000000 ) ;
#2150 = AXIS2_PLACEMENT_3D ( 'NONE', #3058, #1661, #512 ) ;
#2151 = AXIS2_PLACEMENT_3D ( 'NONE', #214, #3242, #2139 ) ;
#2152 = CARTESIAN_POINT ( 'NONE',  ( 5.969032725061388156, 5.710000000000021281, 3.300000000000010036 ) ) ;
#2153 = ORIENTED_EDGE ( 'NONE', *, *, #2494, .T. ) ;
#2154 = CARTESIAN_POINT ( 'NONE',  ( 3.054999999999997939, 0.6048000000000106624, 5.285199999999999676 ) ) ;
#2155 = ADVANCED_FACE ( 'NONE', ( #836 ), #2021, .F. ) ;
#2156 = AXIS2_PLACEMENT_3D ( 'NONE', #2592, #1181, #9 ) ;
#2157 = CARTESIAN_POINT ( 'NONE',  ( -6.475000000000000533, 0.3047999999999772003, 0.9549999999999997380 ) ) ;
#2158 = AXIS2_PLACEMENT_3D ( 'NONE', #1836, #2321, #2048 ) ;
#2159 = VECTOR ( 'NONE', #718, 1000.000000000000000 ) ;
#2160 = ORIENTED_EDGE ( 'NONE', *, *, #1560, .F. ) ;
#2161 = CARTESIAN_POINT ( 'NONE',  ( 6.151932457802873344, 4.190000000000021707, 1.780000000000008908 ) ) ;
#2162 = VECTOR ( 'NONE', #2108, 1000.000000000000000 ) ;
#2163 = B_SPLINE_CURVE_WITH_KNOTS ( 'NONE', 3,
 ( #3640, #2124, #2533, #3364 ),
 .UNSPECIFIED., .F., .F.,
 ( 4, 4 ),
 ( 0.000000000000000000, 1.000000000000000000 ),
 .UNSPECIFIED. ) ;
#2164 = EDGE_CURVE ( 'NONE', #1227, #1296, #1097, .T. ) ;
#2165 = DIRECTION ( 'NONE',  ( -3.520899023009863541E-15, 1.000000000000000000, 0.000000000000000000 ) ) ;
#2166 = ORIENTED_EDGE ( 'NONE', *, *, #2047, .T. ) ;
#2167 = CARTESIAN_POINT ( 'NONE',  ( 3.054999999999989946, 2.879312309715298390, 5.521420314136127772 ) ) ;
#2168 = DIRECTION ( 'NONE',  ( -3.520899023009863541E-15, 1.000000000000000000, 0.000000000000000000 ) ) ;
#2169 = DIRECTION ( 'NONE',  ( -1.463048762361889344E-17, 1.215876089842781365E-16, -1.000000000000000000 ) ) ;
#2170 = ORIENTED_EDGE ( 'NONE', *, *, #3085, .T. ) ;
#2171 = DIRECTION ( 'NONE',  ( 1.000000000000000000, 3.520899023009863541E-15, 0.000000000000000000 ) ) ;
#2172 = ORIENTED_EDGE ( 'NONE', *, *, #1893, .F. ) ;
#2173 = DIRECTION ( 'NONE',  ( 0.000000000000000000, 0.000000000000000000, -1.000000000000000000 ) ) ;
#2174 = ORIENTED_EDGE ( 'NONE', *, *, #319, .T. ) ;
#2175 = FACE_OUTER_BOUND ( 'NONE', #3211, .T. ) ;
#2176 = DIRECTION ( 'NONE',  ( -1.000000000000000000, -3.520899023009863935E-15, 0.000000000000000000 ) ) ;
#2177 = DIRECTION ( 'NONE',  ( -1.000000000000000000, -3.520899023009863541E-15, 0.000000000000000000 ) ) ;
#2178 = ORIENTED_EDGE ( 'NONE', *, *, #398, .T. ) ;
#2179 = CARTESIAN_POINT ( 'NONE',  ( -6.475000000000001421, 0.6047999999999771337, -5.589999999999999858 ) ) ;
#2180 = CARTESIAN_POINT ( 'NONE',  ( 3.054999999999940652, 16.89961699854401544, -6.566496320801628706 ) ) ;
#2181 = VECTOR ( 'NONE', #2191, 1000.000000000000000 ) ;
#2182 = ORIENTED_EDGE ( 'NONE', *, *, #671, .T. ) ;
#2183 = DIRECTION ( 'NONE',  ( -1.000000000000000000, 0.000000000000000000, 0.000000000000000000 ) ) ;
#2184 = CARTESIAN_POINT ( 'NONE',  ( 5.009381904031529942, 6.948651428417623954, 0.000000000000000000 ) ) ;
#2185 = DIRECTION ( 'NONE',  ( -0.1194669976176413739, 0.9928381723524868363, 0.000000000000000000 ) ) ;
#2186 = CIRCLE ( 'NONE', #1240, 0.6048000000000007814 ) ;
#2187 = ORIENTED_EDGE ( 'NONE', *, *, #1355, .F. ) ;
#2188 = LINE ( 'NONE', #227, #1785 ) ;
#2189 = ADVANCED_FACE ( 'NONE', ( #3629 ), #1950, .T. ) ;
#2190 = CARTESIAN_POINT ( 'NONE',  ( -6.475000000000058265, 16.51085905220554295, 6.729799999999979576 ) ) ;
#2191 = DIRECTION ( 'NONE',  ( -3.520899023009863541E-15, 1.000000000000000000, 0.000000000000000000 ) ) ;
#2192 = EDGE_CURVE ( 'NONE', #298, #1081, #19, .T. ) ;
#2193 = ORIENTED_EDGE ( 'NONE', *, *, #2585, .T. ) ;
#2194 = DIRECTION ( 'NONE',  ( -3.520899023009863541E-15, 1.000000000000000000, 0.000000000000000000 ) ) ;
#2195 = DIRECTION ( 'NONE',  ( 4.165776792494369969E-31, -1.183157132672674163E-16, 1.000000000000000000 ) ) ;
#2196 = LINE ( 'NONE', #845, #676 ) ;
#2197 = ORIENTED_EDGE ( 'NONE', *, *, #1060, .T. ) ;
#2198 = DIRECTION ( 'NONE',  ( 0.000000000000000000, 0.000000000000000000, 1.000000000000000000 ) ) ;
#2199 = LINE ( 'NONE', #155, #3579 ) ;
#2200 = CARTESIAN_POINT ( 'NONE',  ( 3.172600000000000087, 1.122461434902536944E-14, 0.7850000000000010303 ) ) ;
#2201 = VERTEX_POINT ( 'NONE', #33 ) ;
#2202 = DIRECTION ( 'NONE',  ( 0.000000000000000000, 0.000000000000000000, -1.000000000000000000 ) ) ;
#2203 = EDGE_CURVE ( 'NONE', #2781, #612, #2288, .T. ) ;
#2204 = CARTESIAN_POINT ( 'NONE',  ( 3.077399999999999913, -0.09999999999998865352, 0.7850000000000002531 ) ) ;
#2205 = EDGE_CURVE ( 'NONE', #159, #118, #3637, .T. ) ;
#2206 = EDGE_CURVE ( 'NONE', #3389, #118, #1367, .T. ) ;
#2207 = VERTEX_POINT ( 'NONE', #1900 ) ;
#2208 = PLANE ( 'NONE',  #1570 ) ;
#2209 = LINE ( 'NONE', #821, #492 ) ;
#2210 = AXIS2_PLACEMENT_3D ( 'NONE', #3181, #2401, #3239 ) ;
#2211 = CIRCLE ( 'NONE', #794, 1.833353449392670198 ) ;
#2212 = FACE_OUTER_BOUND ( 'NONE', #3318, .T. ) ;
#2213 = AXIS2_PLACEMENT_3D ( 'NONE', #2105, #2134, #433 ) ;
#2214 = EDGE_LOOP ( 'NONE', ( #2908, #3361, #1474, #2613 ) ) ;
#2215 = AXIS2_PLACEMENT_3D ( 'NONE', #2725, #193, #3316 ) ;
#2216 = EDGE_CURVE ( 'NONE', #222, #1677, #1622, .T. ) ;
#2217 = CARTESIAN_POINT ( 'NONE',  ( -4.847399999999999487, -1.589458219481007229E-14, 3.324999999999999734 ) ) ;
#2218 = EDGE_CURVE ( 'NONE', #2416, #1555, #2453, .T. ) ;
#2219 = VECTOR ( 'NONE', #2317, 1000.000000000000000 ) ;
#2220 = CARTESIAN_POINT ( 'NONE',  ( 3.055000000000000604, 1.086476673254368577E-14, -4.985199999999996301 ) ) ;
#2221 = ORIENTED_EDGE ( 'NONE', *, *, #3459, .F. ) ;
#2222 = CYLINDRICAL_SURFACE ( 'NONE', #3288, 0.3000000000000207501 ) ;
#2223 = DIRECTION ( 'NONE',  ( -0.000000000000000000, -1.000000000000000000, -0.000000000000000000 ) ) ;
#2224 = CARTESIAN_POINT ( 'NONE',  ( -6.475000000000008527, 2.399799999999977285, 5.889999999999999680 ) ) ;
#2225 = AXIS2_PLACEMENT_3D ( 'NONE', #3250, #2117, #3529 ) ;
#2226 = ORIENTED_EDGE ( 'NONE', *, *, #824, .T. ) ;
#2227 = LINE ( 'NONE', #3357, #678 ) ;
#2228 = AXIS2_PLACEMENT_3D ( 'NONE', #399, #3545, #2714 ) ;
#2229 = CARTESIAN_POINT ( 'NONE',  ( -6.475000000000060929, 17.34599999999997522, -6.941056132687144498 ) ) ;
#2230 = DIRECTION ( 'NONE',  ( -0.9928381723524870583, -0.1194669976176413601, 0.000000000000000000 ) ) ;
#2231 = EDGE_LOOP ( 'NONE', ( #2916, #2187, #2193, #2424 ) ) ;
#2232 = LINE ( 'NONE', #524, #270 ) ;
#2233 = DIRECTION ( 'NONE',  ( -1.000000000000000000, 0.000000000000000000, 0.000000000000000000 ) ) ;
#2234 = ORIENTED_EDGE ( 'NONE', *, *, #1494, .T. ) ;
#2235 = DIRECTION ( 'NONE',  ( 0.000000000000000000, 0.000000000000000000, -1.000000000000000000 ) ) ;
#2236 = DIRECTION ( 'NONE',  ( 0.000000000000000000, 5.251054846200066403E-15, -1.000000000000000000 ) ) ;
#2237 = VERTEX_POINT ( 'NONE', #3615 ) ;
#2238 = FACE_OUTER_BOUND ( 'NONE', #2027, .T. ) ;
#2239 = EDGE_CURVE ( 'NONE', #3096, #1838, #2099, .T. ) ;
#2240 = LINE ( 'NONE', #1325, #551 ) ;
#2241 = ORIENTED_EDGE ( 'NONE', *, *, #2537, .F. ) ;
#2242 = CARTESIAN_POINT ( 'NONE',  ( -6.475000000000008527, 2.399799999999977285, -5.889999999999999680 ) ) ;
#2243 = CARTESIAN_POINT ( 'NONE',  ( 6.348241047071720544, 9.633322021823394365, 0.000000000000000000 ) ) ;
#2244 = DIRECTION ( 'NONE',  ( -1.000000000000000000, -3.520899023009863935E-15, -0.000000000000000000 ) ) ;
#2245 = CARTESIAN_POINT ( 'NONE',  ( 6.151932457802873344, 4.190000000000021707, 3.300000000000009592 ) ) ;
#2246 = VERTEX_POINT ( 'NONE', #2190 ) ;
#2247 = CARTESIAN_POINT ( 'NONE',  ( -4.447400000000000020, 0.3047999999999843612, 0.9550000000000030687 ) ) ;
#2248 = CARTESIAN_POINT ( 'NONE',  ( 3.173798184348637363, -8.631133788285027348E-05, -0.7850000000000002531 ) ) ;
#2249 = LINE ( 'NONE', #772, #360 ) ;
#2250 = EDGE_CURVE ( 'NONE', #3150, #1902, #3325, .T. ) ;
#2251 = ORIENTED_EDGE ( 'NONE', *, *, #3177, .T. ) ;
#2252 =( NAMED_UNIT ( * ) PLANE_ANGLE_UNIT ( ) SI_UNIT ( $, .RADIAN. ) );
#2253 = DIRECTION ( 'NONE',  ( -0.1194669976176408049, 0.9928381723524869473, 0.000000000000000000 ) ) ;
#2254 = DIRECTION ( 'NONE',  ( -1.000000000000000000, -3.520899023009863541E-15, 0.000000000000000000 ) ) ;
#2255 = EDGE_LOOP ( 'NONE', ( #1062, #568, #3601, #3327 ) ) ;
#2256 = ORIENTED_EDGE ( 'NONE', *, *, #1388, .T. ) ;
#2257 = DIRECTION ( 'NONE',  ( 1.000000000000000000, 3.520899023009863935E-15, 0.000000000000000000 ) ) ;
#2258 = ADVANCED_FACE ( 'NONE', ( #2212 ), #3207, .F. ) ;
#2259 = ORIENTED_EDGE ( 'NONE', *, *, #206, .T. ) ;
#2260 = DIRECTION ( 'NONE',  ( 0.000000000000000000, 0.000000000000000000, -1.000000000000000000 ) ) ;
#2261 = EDGE_CURVE ( 'NONE', #3139, #159, #1815, .T. ) ;
#2262 = DIRECTION ( 'NONE',  ( -0.1194669976176413323, 0.9928381723524868363, 0.000000000000000000 ) ) ;
#2263 = EDGE_CURVE ( 'NONE', #3320, #1834, #2129, .T. ) ;
#2264 = DIRECTION ( 'NONE',  ( -3.520899023009863541E-15, 1.000000000000000000, 4.832098818876900487E-16 ) ) ;
#2265 = LINE ( 'NONE', #1411, #509 ) ;
#2266 = ORIENTED_EDGE ( 'NONE', *, *, #1178, .F. ) ;
#2267 = APPLICATION_CONTEXT ( 'automotive_design' ) ;
#2268 = DIRECTION ( 'NONE',  ( 0.000000000000000000, 0.000000000000000000, 1.000000000000000000 ) ) ;
#2269 = LINE ( 'NONE', #2532, #500 ) ;
#2270 = CIRCLE ( 'NONE', #609, 0.3000000000000207501 ) ;
#2271 = ADVANCED_FACE ( 'NONE', ( #2688 ), #3558, .T. ) ;
#2272 = ORIENTED_EDGE ( 'NONE', *, *, #2433, .F. ) ;
#2273 = CIRCLE ( 'NONE', #2285, 0.8048000000000005150 ) ;
#2274 = TOROIDAL_SURFACE ( 'NONE', #1313, 2.505493963273511149, 0.8048000000000009591 ) ;
#2275 = CARTESIAN_POINT ( 'NONE',  ( -4.447399999999999132, -1.555042609768551015E-14, -0.9550000000000005151 ) ) ;
#2276 = DIRECTION ( 'NONE',  ( -3.520899023009863541E-15, 1.000000000000000000, 0.000000000000000000 ) ) ;
#2277 = AXIS2_PLACEMENT_3D ( 'NONE', #589, #3132, #1713 ) ;
#2278 = VECTOR ( 'NONE', #201, 1000.000000000000000 ) ;
#2279 = LINE ( 'NONE', #3071, #2394 ) ;
#2280 = DIRECTION ( 'NONE',  ( 1.000000000000000000, 2.941768416672979096E-17, 0.000000000000000000 ) ) ;
#2281 = ORIENTED_EDGE ( 'NONE', *, *, #1079, .T. ) ;
#2282 = CARTESIAN_POINT ( 'NONE',  ( -6.475000000000001421, 0.6047999999999771337, 4.985199999999999854 ) ) ;
#2283 = AXIS2_PLACEMENT_3D ( 'NONE', #840, #2565, #2831 ) ;
#2284 = EDGE_CURVE ( 'NONE', #876, #3342, #1274, .T. ) ;
#2285 = AXIS2_PLACEMENT_3D ( 'NONE', #2184, #1935, #1307 ) ;
#2286 = VECTOR ( 'NONE', #2538, 1000.000000000000000 ) ;
#2287 = VERTEX_POINT ( 'NONE', #2984 ) ;
#2288 = LINE ( 'NONE', #3418, #1382 ) ;
#2289 = MECHANICAL_DESIGN_GEOMETRIC_PRESENTATION_REPRESENTATION (  '', ( #1041 ), #228 ) ;
#2290 = ORIENTED_EDGE ( 'NONE', *, *, #3102, .T. ) ;
#2291 = FILL_AREA_STYLE_COLOUR ( '', #435 ) ;
#2292 = CARTESIAN_POINT ( 'NONE',  ( 2.772600000000000176, -3.695199999999990492, -2.168404344971008868E-16 ) ) ;
#2293 = ORIENTED_EDGE ( 'NONE', *, *, #1762, .T. ) ;
#2294 =( BOUNDED_CURVE ( )  B_SPLINE_CURVE ( 3, ( #3329, #3068, #265, #2161 ),
 .UNSPECIFIED., .F., .T. ) 
 B_SPLINE_CURVE_WITH_KNOTS ( ( 4, 4 ),
 ( 1.570796326794896558, 4.712388980384689674 ),
 .UNSPECIFIED. ) 
 CURVE ( )  GEOMETRIC_REPRESENTATION_ITEM ( )  RATIONAL_B_SPLINE_CURVE ( ( 1.000000000000000000, 0.3333333333333333703, 0.3333333333333333703, 1.000000000000000000 ) ) 
 REPRESENTATION_ITEM ( '' )  );
#2295 = CARTESIAN_POINT ( 'NONE',  ( -6.475000000000058265, 16.51085905220554295, 7.029799999999999827 ) ) ;
#2296 = EDGE_LOOP ( 'NONE', ( #1714, #2172, #415, #1046 ) ) ;
#2297 = ORIENTED_EDGE ( 'NONE', *, *, #1942, .T. ) ;
#2298 = CARTESIAN_POINT ( 'NONE',  ( -4.847399999999999487, -2.910200000000017440, -2.540000000000000036 ) ) ;
#2299 = DIRECTION ( 'NONE',  ( 0.000000000000000000, -1.000000000000000000, 0.000000000000000000 ) ) ;
#2300 = PLANE ( 'NONE',  #1315 ) ;
#2301 = EDGE_LOOP ( 'NONE', ( #342, #888, #958, #1984 ) ) ;
#2302 = LINE ( 'NONE', #2007, #233 ) ;
#2303 = DIRECTION ( 'NONE',  ( 1.000000000000000000, 3.520899023009863935E-15, 0.000000000000000000 ) ) ;
#2304 = ORIENTED_EDGE ( 'NONE', *, *, #1893, .T. ) ;
#2305 = CARTESIAN_POINT ( 'NONE',  ( 3.054999999999961968, 9.971464282045271688, 0.07000000000000235201 ) ) ;
#2306 = CARTESIAN_POINT ( 'NONE',  ( -4.847399999999999487, -2.910200000000017440, 1.755000000000001226 ) ) ;
#2307 = DIRECTION ( 'NONE',  ( 2.023091787252601365E-15, -0.6847533790743781656, -0.7287748691099473763 ) ) ;
#2308 = ORIENTED_EDGE ( 'NONE', *, *, #3508, .T. ) ;
#2309 = EDGE_CURVE ( 'NONE', #3230, #2560, #1582, .T. ) ;
#2310 = EDGE_CURVE ( 'NONE', #1746, #3489, #1533, .T. ) ;
#2311 = CARTESIAN_POINT ( 'NONE',  ( -4.805768858195761162, 0.1082330676567381800, 1.755000000000001226 ) ) ;
#2312 = EDGE_LOOP ( 'NONE', ( #826, #1997, #3445, #2141 ) ) ;
#2313 = ORIENTED_EDGE ( 'NONE', *, *, #1223, .F. ) ;
#2314 = CARTESIAN_POINT ( 'NONE',  ( -6.475000000000008527, 2.399799999999977285, 5.285199999999998788 ) ) ;
#2315 = ADVANCED_FACE ( 'NONE', ( #195 ), #2222, .F. ) ;
#2316 = ORIENTED_EDGE ( 'NONE', *, *, #1656, .F. ) ;
#2317 = DIRECTION ( 'NONE',  ( 1.000000000000000000, 3.520899023009863541E-15, -0.000000000000000000 ) ) ;
#2318 = ORIENTED_EDGE ( 'NONE', *, *, #1442, .T. ) ;
#2319 = PLANE ( 'NONE',  #145 ) ;
#2320 = EDGE_CURVE ( 'NONE', #3027, #2517, #3621, .T. ) ;
#2321 = DIRECTION ( 'NONE',  ( -0.9928381723524870583, -0.1194669976176413601, 0.000000000000000000 ) ) ;
#2322 = FACE_OUTER_BOUND ( 'NONE', #226, .T. ) ;
#2323 = EDGE_CURVE ( 'NONE', #2682, #1527, #3016, .T. ) ;
#2324 = EDGE_CURVE ( 'NONE', #1173, #293, #1907, .T. ) ;
#2325 = ORIENTED_EDGE ( 'NONE', *, *, #1758, .F. ) ;
#2326 = DIRECTION ( 'NONE',  ( -1.000000000000000000, -3.520899023009863541E-15, 0.000000000000000000 ) ) ;
#2327 = EDGE_LOOP ( 'NONE', ( #463, #3125, #3454, #2115 ) ) ;
#2328 = ORIENTED_EDGE ( 'NONE', *, *, #619, .T. ) ;
#2329 = ADVANCED_FACE ( 'NONE', ( #3372 ), #2746, .T. ) ;
#2330 = LINE ( 'NONE', #1784, #1386 ) ;
#2331 = AXIS2_PLACEMENT_3D ( 'NONE', #2418, #2900, #3516 ) ;
#2332 = AXIS2_PLACEMENT_3D ( 'NONE', #173, #2442, #3017 ) ;
#2333 = VECTOR ( 'NONE', #359, 1000.000000000000114 ) ;
#2334 = DIRECTION ( 'NONE',  ( -0.000000000000000000, 0.000000000000000000, 1.000000000000000000 ) ) ;
#2335 = CARTESIAN_POINT ( 'NONE',  ( 5.425108726681117766, 17.26711195505277630, 2.339758347194252780E-15 ) ) ;
#2336 = CIRCLE ( 'NONE', #1150, 1.585000000000000187 ) ;
#2337 = EDGE_LOOP ( 'NONE', ( #2861, #726, #3155, #3294 ) ) ;
#2338 = DIRECTION ( 'NONE',  ( 0.000000000000000000, -1.000000000000000000, 0.000000000000000000 ) ) ;
#2339 = PLANE ( 'NONE',  #2897 ) ;
#2340 = AXIS2_PLACEMENT_3D ( 'NONE', #160, #1007, #3264 ) ;
#2341 = VECTOR ( 'NONE', #1354, 1000.000000000000000 ) ;
#2342 = EDGE_LOOP ( 'NONE', ( #3192, #545, #1953 ) ) ;
#2343 = CARTESIAN_POINT ( 'NONE',  ( 4.710058062690118064, 9.436201475754286250, 0.000000000000000000 ) ) ;
#2344 = ORIENTED_EDGE ( 'NONE', *, *, #250, .F. ) ;
#2345 = CARTESIAN_POINT ( 'NONE',  ( 3.054999999999940652, 16.89961699854402966, 6.566496320801612718 ) ) ;
#2346 = VERTEX_POINT ( 'NONE', #2179 ) ;
#2347 = DIRECTION ( 'NONE',  ( -1.000000000000000000, -3.520899023009863935E-15, -0.000000000000000000 ) ) ;
#2348 = CARTESIAN_POINT ( 'NONE',  ( 3.054999999999965077, 9.971464282045271688, -0.07000000000000235201 ) ) ;
#2349 = CARTESIAN_POINT ( 'NONE',  ( 2.772600000000000176, 1.088045825190081046E-14, 0.7850000000000002531 ) ) ;
#2350 = CARTESIAN_POINT ( 'NONE',  ( -6.475000000000060041, 16.89961699854399413, 6.566496320801612718 ) ) ;
#2351 = ORIENTED_EDGE ( 'NONE', *, *, #3532, .T. ) ;
#2352 = ADVANCED_FACE ( 'NONE', ( #2797 ), #3038, .F. ) ;
#2353 = PLANE ( 'NONE',  #3113 ) ;
#2354 = ORIENTED_EDGE ( 'NONE', *, *, #1754, .F. ) ;
#2355 = DIRECTION ( 'NONE',  ( 4.165776792494369969E-31, -1.183157132672674163E-16, 1.000000000000000000 ) ) ;
#2356 = FACE_OUTER_BOUND ( 'NONE', #2327, .T. ) ;
#2357 = CARTESIAN_POINT ( 'NONE',  ( -4.447399999999999132, -1.560463620630978538E-14, -1.355000000000000648 ) ) ;
#2358 = ORIENTED_EDGE ( 'NONE', *, *, #3315, .F. ) ;
#2359 = EDGE_CURVE ( 'NONE', #141, #876, #35, .T. ) ;
#2360 = EDGE_LOOP ( 'NONE', ( #1312, #3291, #2093, #830 ) ) ;
#2361 = UNCERTAINTY_MEASURE_WITH_UNIT (LENGTH_MEASURE( 1.000000000000000082E-05 ), #1958, 'distance_accuracy_value', 'NONE');
#2362 = FACE_OUTER_BOUND ( 'NONE', #1085, .T. ) ;
#2363 = ADVANCED_FACE ( 'NONE', ( #901 ), #872, .T. ) ;
#2364 = CARTESIAN_POINT ( 'NONE',  ( -4.447399999999999132, -1.560463620630978538E-14, 0.9550000000000030687 ) ) ;
#2365 = VECTOR ( 'NONE', #2144, 1000.000000000000000 ) ;
#2366 = PLANE ( 'NONE',  #3401 ) ;
#2367 = CARTESIAN_POINT ( 'NONE',  ( -6.475000000000056488, 16.09672020854136321, -6.589036959162299922 ) ) ;
#2368 = EDGE_LOOP ( 'NONE', ( #1737, #3224, #3439, #2750 ) ) ;
#2369 = PLANE ( 'NONE',  #1686 ) ;
#2370 = CARTESIAN_POINT ( 'NONE',  ( -6.475000000000001421, 0.6047999999999771337, 5.285199999999999676 ) ) ;
#2371 = ADVANCED_FACE ( 'NONE', ( #2885 ), #3456, .F. ) ;
#2372 = ORIENTED_EDGE ( 'NONE', *, *, #1970, .F. ) ;
#2373 = ORIENTED_EDGE ( 'NONE', *, *, #1883, .F. ) ;
#2374 = CARTESIAN_POINT ( 'NONE',  ( -4.494798665876327703, -0.01077730963903366507, -1.755000000000001226 ) ) ;
#2375 = ADVANCED_FACE ( 'NONE', ( #1133 ), #3536, .T. ) ;
#2376 = DIRECTION ( 'NONE',  ( 0.000000000000000000, 0.000000000000000000, 1.000000000000000000 ) ) ;
#2377 = CARTESIAN_POINT ( 'NONE',  ( -4.442599999999998772, -0.1000000000000150352, -1.755000000000001004 ) ) ;
#2378 = DIRECTION ( 'NONE',  ( 0.000000000000000000, -1.000000000000000000, 0.000000000000000000 ) ) ;
#2379 = VERTEX_POINT ( 'NONE', #92 ) ;
#2380 = ADVANCED_FACE ( 'NONE', ( #371 ), #2971, .F. ) ;
#2381 = EDGE_LOOP ( 'NONE', ( #3443, #3043, #2598, #3059, #2748, #2967, #3531, #764, #2170, #3331, #355, #560, #1006, #2534, #2852, #1301, #1595, #113, #815, #2197 ) ) ;
#2382 = DIRECTION ( 'NONE',  ( -0.000000000000000000, 0.000000000000000000, 1.000000000000000000 ) ) ;
#2383 = FACE_BOUND ( 'NONE', #1376, .T. ) ;
#2384 = DIRECTION ( 'NONE',  ( 0.000000000000000000, 0.000000000000000000, -1.000000000000000000 ) ) ;
#2385 = CARTESIAN_POINT ( 'NONE',  ( 6.464830204740524167, 1.589643136617067132, -4.264999999999999680 ) ) ;
#2386 = CARTESIAN_POINT ( 'NONE',  ( -4.542599999999999305, -0.1000000000000150352, -3.325000000000000178 ) ) ;
#2387 = ORIENTED_EDGE ( 'NONE', *, *, #1005, .F. ) ;
#2388 = CARTESIAN_POINT ( 'NONE',  ( 3.172600000000000531, 1.122461434902537102E-14, 1.585000000000000853 ) ) ;
#2389 = AXIS2_PLACEMENT_3D ( 'NONE', #108, #2070, #1245 ) ;
#2390 = VECTOR ( 'NONE', #366, 1000.000000000000000 ) ;
#2391 = AXIS2_PLACEMENT_3D ( 'NONE', #2656, #2673, #3269 ) ;
#2392 = VERTEX_POINT ( 'NONE', #922 ) ;
#2393 = CARTESIAN_POINT ( 'NONE',  ( -4.447399996189443705, 0.3047857703162251686, -3.324999999999999734 ) ) ;
#2394 = VECTOR ( 'NONE', #1419, 1000.000000000000000 ) ;
#2395 = CARTESIAN_POINT ( 'NONE',  ( 6.027833518970531657, 2.670000000000021245, 1.780000000000009353 ) ) ;
#2396 = VERTEX_POINT ( 'NONE', #403 ) ;
#2397 = VECTOR ( 'NONE', #22, 1000.000000000000000 ) ;
#2398 = CIRCLE ( 'NONE', #390, 0.7850000000000001421 ) ;
#2399 = CIRCLE ( 'NONE', #3172, 0.4000000000000010214 ) ;
#2400 = ORIENTED_EDGE ( 'NONE', *, *, #717, .T. ) ;
#2401 = DIRECTION ( 'NONE',  ( -1.463048762361889344E-17, 1.215876089842781365E-16, -1.000000000000000000 ) ) ;
#2402 = PLANE ( 'NONE',  #1509 ) ;
#2403 = FACE_OUTER_BOUND ( 'NONE', #409, .T. ) ;
#2404 = LINE ( 'NONE', #152, #382 ) ;
#2405 = VERTEX_POINT ( 'NONE', #2057 ) ;
#2406 = DIRECTION ( 'NONE',  ( -3.520899023009863541E-15, 1.000000000000000000, 0.000000000000000000 ) ) ;
#2407 = CARTESIAN_POINT ( 'NONE',  ( -6.475000000000009415, 2.637653328231766903, 5.707172774869110121 ) ) ;
#2408 = EDGE_CURVE ( 'NONE', #699, #1894, #2752, .T. ) ;
#2409 = ORIENTED_EDGE ( 'NONE', *, *, #1308, .T. ) ;
#2410 = CARTESIAN_POINT ( 'NONE',  ( 3.077399999999999913, 1.073170022213406871E-15, -0.7850000000000002531 ) ) ;
#2411 = CARTESIAN_POINT ( 'NONE',  ( -4.542599999999999305, 1.073170022213405293E-15, -3.325000000000000178 ) ) ;
#2412 = FACE_OUTER_BOUND ( 'NONE', #1948, .T. ) ;
#2413 = ORIENTED_EDGE ( 'NONE', *, *, #2962, .F. ) ;
#2414 = DIRECTION ( 'NONE',  ( 0.000000000000000000, 0.000000000000000000, -1.000000000000000000 ) ) ;
#2415 = EDGE_CURVE ( 'NONE', #1486, #2736, #87, .T. ) ;
#2416 = VERTEX_POINT ( 'NONE', #674 ) ;
#2417 = ADVANCED_FACE ( 'NONE', ( #640 ), #1765, .T. ) ;
#2418 = CARTESIAN_POINT ( 'NONE',  ( -4.442599999999998772, -0.1000000000000150352, 1.755000000000001004 ) ) ;
#2419 = CARTESIAN_POINT ( 'NONE',  ( -6.475000000000010303, 2.879312309715262863, -5.521420314136124219 ) ) ;
#2420 = EDGE_CURVE ( 'NONE', #2568, #1290, #3197, .T. ) ;
#2421 = CARTESIAN_POINT ( 'NONE',  ( -4.447399999999999132, -1.560463620630978538E-14, -4.125000000000000888 ) ) ;
#2422 = FACE_OUTER_BOUND ( 'NONE', #2360, .T. ) ;
#2423 = CARTESIAN_POINT ( 'NONE',  ( 6.054999999999943761, 15.00000000000002132, -4.264999999999997904 ) ) ;
#2424 = ORIENTED_EDGE ( 'NONE', *, *, #3358, .T. ) ;
#2425 = LINE ( 'NONE', #2683, #2691 ) ;
#2426 = EDGE_CURVE ( 'NONE', #90, #306, #2684, .T. ) ;
#2427 = VECTOR ( 'NONE', #66, 1000.000000000000114 ) ;
#2428 = EDGE_LOOP ( 'NONE', ( #2593, #1241, #3366, #1094 ) ) ;
#2429 = CARTESIAN_POINT ( 'NONE',  ( 3.054999999999991722, 2.399800000000011035, 5.889999999999999680 ) ) ;
#2430 = CARTESIAN_POINT ( 'NONE',  ( -6.475000000000001421, 0.6047999999999771337, -4.985199999999999854 ) ) ;
#2431 = ORIENTED_EDGE ( 'NONE', *, *, #2408, .T. ) ;
#2432 = DIRECTION ( 'NONE',  ( 4.165776792494369969E-31, -1.183157132672674163E-16, 1.000000000000000000 ) ) ;
#2433 = EDGE_CURVE ( 'NONE', #907, #3334, #327, .T. ) ;
#2434 = ADVANCED_FACE ( 'NONE', ( #959 ), #995, .T. ) ;
#2435 = CARTESIAN_POINT ( 'NONE',  ( -4.442599999999998772, -1.477458426163521200E-14, -3.325000000000000178 ) ) ;
#2436 = EDGE_LOOP ( 'NONE', ( #2695, #2001, #3642, #3322 ) ) ;
#2437 = LINE ( 'NONE', #576, #1206 ) ;
#2438 = CARTESIAN_POINT ( 'NONE',  ( -4.847399999999999487, -0.1000000000000164507, 1.755000000000001004 ) ) ;
#2439 = ADVANCED_FACE ( 'NONE', ( #653 ), #2082, .T. ) ;
#2440 = VERTEX_POINT ( 'NONE', #2917 ) ;
#2441 = DIRECTION ( 'NONE',  ( 0.000000000000000000, 0.000000000000000000, -1.000000000000000000 ) ) ;
#2442 = DIRECTION ( 'NONE',  ( -3.520899023009863541E-15, 1.000000000000000000, 0.000000000000000000 ) ) ;
#2443 = VERTEX_POINT ( 'NONE', #2121 ) ;
#2444 = ORIENTED_EDGE ( 'NONE', *, *, #3511, .F. ) ;
#2445 = AXIS2_PLACEMENT_3D ( 'NONE', #2154, #2698, #1294 ) ;
#2446 = CARTESIAN_POINT ( 'NONE',  ( -4.542599999999999305, -0.1000000000000150352, -1.755000000000001004 ) ) ;
#2447 = CYLINDRICAL_SURFACE ( 'NONE', #2759, 8.945199999999996265 ) ;
#2448 = VECTOR ( 'NONE', #3410, 1000.000000000000000 ) ;
#2449 = AXIS2_PLACEMENT_3D ( 'NONE', #38, #783, #1914 ) ;
#2450 = VERTEX_POINT ( 'NONE', #694 ) ;
#2451 = LINE ( 'NONE', #3292, #3624 ) ;
#2452 = AXIS2_PLACEMENT_3D ( 'NONE', #2561, #855, #534 ) ;
#2453 = LINE ( 'NONE', #2758, #280 ) ;
#2454 = APPLICATION_CONTEXT ( 'automotive_design' ) ;
#2455 = ORIENTED_EDGE ( 'NONE', *, *, #1111, .T. ) ;
#2456 = CARTESIAN_POINT ( 'NONE',  ( 5.844933786229046468, 4.190000000000020819, 3.300000000000009592 ) ) ;
#2457 = B_SPLINE_CURVE_WITH_KNOTS ( 'NONE', 3,
 ( #3055, #1864, #1903, #2763, #1088, #1069 ),
 .UNSPECIFIED., .F., .F.,
 ( 4, 2, 4 ),
 ( 0.007485989102517392330, 0.5037429945512588159, 1.000000000000000000 ),
 .UNSPECIFIED. ) ;
#2458 = AXIS2_PLACEMENT_3D ( 'NONE', #816, #2524, #1946 ) ;
#2459 = AXIS2_PLACEMENT_3D ( 'NONE', #1525, #122, #913 ) ;
#2460 = FACE_OUTER_BOUND ( 'NONE', #1043, .T. ) ;
#2461 = FACE_OUTER_BOUND ( 'NONE', #807, .T. ) ;
#2462 = VERTEX_POINT ( 'NONE', #1824 ) ;
#2463 = DIRECTION ( 'NONE',  ( -1.000000000000000000, -3.520899023009866302E-15, 0.000000000000000000 ) ) ;
#2464 = DIRECTION ( 'NONE',  ( -1.000000000000000000, -3.520899023009863541E-15, 0.000000000000000000 ) ) ;
#2465 = ORIENTED_EDGE ( 'NONE', *, *, #3552, .T. ) ;
#2466 = EDGE_CURVE ( 'NONE', #1581, #2440, #1731, .T. ) ;
#2467 = ORIENTED_EDGE ( 'NONE', *, *, #303, .T. ) ;
#2468 = DIRECTION ( 'NONE',  ( 0.000000000000000000, 0.000000000000000000, -1.000000000000000000 ) ) ;
#2469 = FACE_OUTER_BOUND ( 'NONE', #752, .T. ) ;
#2470 = CARTESIAN_POINT ( 'NONE',  ( 6.348241047071720544, 9.633322021823394365, 0.000000000000000000 ) ) ;
#2471 = ORIENTED_EDGE ( 'NONE', *, *, #353, .T. ) ;
#2472 = DIRECTION ( 'NONE',  ( 0.9659258262890709767, -0.2588190451025104144, -3.062235992845697727E-17 ) ) ;
#2473 = CARTESIAN_POINT ( 'NONE',  ( 1.772600000000000176, 6.295355716811560482E-15, 1.585000000000000853 ) ) ;
#2474 = CARTESIAN_POINT ( 'NONE',  ( -4.447399999999999132, -1.560463620630978538E-14, 1.755000000000004334 ) ) ;
#2475 = EDGE_LOOP ( 'NONE', ( #368, #1780, #3486, #1234 ) ) ;
#2476 = LINE ( 'NONE', #191, #702 ) ;
#2477 = LINE ( 'NONE', #544, #1795 ) ;
#2478 = ORIENTED_EDGE ( 'NONE', *, *, #3552, .F. ) ;
#2479 = VECTOR ( 'NONE', #2996, 1000.000000000000000 ) ;
#2480 = DIRECTION ( 'NONE',  ( -1.000000000000000000, -3.520899023009863541E-15, 0.000000000000000000 ) ) ;
#2481 = DIRECTION ( 'NONE',  ( -3.097720492815726180E-16, -1.090676105671252279E-30, -1.000000000000000000 ) ) ;
#2482 = EDGE_CURVE ( 'NONE', #1475, #687, #143, .T. ) ;
#2483 = CARTESIAN_POINT ( 'NONE',  ( -4.542599999999999305, -2.910200000000017440, 3.324999999999999734 ) ) ;
#2484 = AXIS2_PLACEMENT_3D ( 'NONE', #3518, #696, #1826 ) ;
#2485 = ORIENTED_EDGE ( 'NONE', *, *, #2936, .F. ) ;
#2486 = DIRECTION ( 'NONE',  ( 0.000000000000000000, 0.000000000000000000, -1.000000000000000000 ) ) ;
#2487 = CARTESIAN_POINT ( 'NONE',  ( -4.847399999999999487, 1.064203512079390977E-15, -3.674559744468713898E-32 ) ) ;
#2488 = CYLINDRICAL_SURFACE ( 'NONE', #3415, 0.3000000000000007661 ) ;
#2489 = CARTESIAN_POINT ( 'NONE',  ( -4.447399999999999132, -1.560463620630978538E-14, 1.355000000000003757 ) ) ;
#2490 = DIRECTION ( 'NONE',  ( -3.520899023009863541E-15, 1.000000000000000000, 0.000000000000000000 ) ) ;
#2491 = VECTOR ( 'NONE', #748, 1000.000000000000000 ) ;
#2492 = EDGE_CURVE ( 'NONE', #3334, #306, #3019, .T. ) ;
#2493 = ORIENTED_EDGE ( 'NONE', *, *, #880, .F. ) ;
#2494 = EDGE_CURVE ( 'NONE', #3169, #494, #1611, .T. ) ;
#2495 = DIRECTION ( 'NONE',  ( 0.000000000000000000, 0.000000000000000000, 1.000000000000000000 ) ) ;
#2496 = CARTESIAN_POINT ( 'NONE',  ( 5.969032725061388156, 5.710000000000021281, 1.780000000000009353 ) ) ;
#2497 = ORIENTED_EDGE ( 'NONE', *, *, #984, .F. ) ;
#2498 = CARTESIAN_POINT ( 'NONE',  ( -4.542599999999999305, -3.695200000000017582, 2.540000000000000924 ) ) ;
#2499 = DIRECTION ( 'NONE',  ( -1.000000000000000000, -3.520899023009863541E-15, 0.000000000000000000 ) ) ;
#2500 = CARTESIAN_POINT ( 'NONE',  ( -6.475000000000060929, 17.34599999999997522, -6.941056132687144498 ) ) ;
#2501 = CARTESIAN_POINT ( 'NONE',  ( 5.206477148866360594, 9.495934974563105868, 7.067411517514825624E-18 ) ) ;
#2502 = ORIENTED_EDGE ( 'NONE', *, *, #2969, .F. ) ;
#2503 = ORIENTED_EDGE ( 'NONE', *, *, #3421, .F. ) ;
#2504 = CARTESIAN_POINT ( 'NONE',  ( 5.054999999999999716, 0.3048000000000187226, -4.264999999999999680 ) ) ;
#2505 = CARTESIAN_POINT ( 'NONE',  ( -4.847399999999999487, -0.1000000000000164507, 3.324999999999999734 ) ) ;
#2506 = EDGE_CURVE ( 'NONE', #86, #352, #2806, .T. ) ;
#2507 = LINE ( 'NONE', #1187, #690 ) ;
#2508 = CARTESIAN_POINT ( 'NONE',  ( 4.983088560087052699, 9.469054900099136418, 0.000000000000000000 ) ) ;
#2509 = CARTESIAN_POINT ( 'NONE',  ( 3.054999999999999272, 0.3048000000000107845, 4.985199999999999854 ) ) ;
#2510 = EDGE_LOOP ( 'NONE', ( #2522, #424, #106, #204 ) ) ;
#2511 = CARTESIAN_POINT ( 'NONE',  ( 3.172599999999999199, 0.3048000000000112286, -1.185000000000000053 ) ) ;
#2512 = AXIS2_PLACEMENT_3D ( 'NONE', #2954, #146, #1056 ) ;
#2513 = PRESENTATION_LAYER_ASSIGNMENT (  '', '', ( #2920 ) ) ;
#2514 = DIRECTION ( 'NONE',  ( 0.000000000000000000, 1.000000000000000000, 0.000000000000000000 ) ) ;
#2515 = VECTOR ( 'NONE', #2579, 1000.000000000000000 ) ;
#2516 = AXIS2_PLACEMENT_3D ( 'NONE', #2913, #1258, #2990 ) ;
#2517 = VERTEX_POINT ( 'NONE', #2483 ) ;
#2518 = CIRCLE ( 'NONE', #3283, 9.249999999999996447 ) ;
#2519 = VECTOR ( 'NONE', #2964, 1000.000000000000114 ) ;
#2520 = AXIS2_PLACEMENT_3D ( 'NONE', #3466, #929, #1752 ) ;
#2521 = DIRECTION ( 'NONE',  ( 0.1194669976176413045, -0.9928381723524869473, 0.000000000000000000 ) ) ;
#2522 = ORIENTED_EDGE ( 'NONE', *, *, #1821, .F. ) ;
#2523 = VECTOR ( 'NONE', #1766, 1000.000000000000000 ) ;
#2524 = DIRECTION ( 'NONE',  ( -1.000000000000000000, -3.520899023009863541E-15, 0.000000000000000000 ) ) ;
#2525 = DIRECTION ( 'NONE',  ( -3.888816974481729926E-15, 1.000000000000000000, 0.000000000000000000 ) ) ;
#2526 = ORIENTED_EDGE ( 'NONE', *, *, #3102, .F. ) ;
#2527 = VECTOR ( 'NONE', #3047, 1000.000000000000000 ) ;
#2528 = CARTESIAN_POINT ( 'NONE',  ( -4.542599999999999305, -0.1000000000000150352, 1.755000000000001004 ) ) ;
#2529 = DIRECTION ( 'NONE',  ( 0.1194669976176412213, -0.9928381723524869473, 0.000000000000000000 ) ) ;
#2530 = EDGE_LOOP ( 'NONE', ( #3540, #2930, #1906, #2413 ) ) ;
#2531 = DIRECTION ( 'NONE',  ( -1.000000000000000000, -3.520899023009864330E-15, -1.972152263052529514E-31 ) ) ;
#2532 = CARTESIAN_POINT ( 'NONE',  ( 3.177399999999998670, 0.3048000000000111731, -0.7850000000000002531 ) ) ;
#2533 = CARTESIAN_POINT ( 'NONE',  ( -4.445800000000000196, 0.3047999999999843612, 3.325000000000000178 ) ) ;
#2534 = ORIENTED_EDGE ( 'NONE', *, *, #1400, .T. ) ;
#2535 = DIRECTION ( 'NONE',  ( -1.205564220626218458E-31, 0.000000000000000000, 1.000000000000000000 ) ) ;
#2536 = DIRECTION ( 'NONE',  ( -1.711110155826401300E-15, -6.024646075911431618E-30, 1.000000000000000000 ) ) ;
#2537 = EDGE_CURVE ( 'NONE', #788, #3307, #1076, .T. ) ;
#2538 = DIRECTION ( 'NONE',  ( -0.000000000000000000, -0.000000000000000000, 1.000000000000000000 ) ) ;
#2539 = DIRECTION ( 'NONE',  ( 0.000000000000000000, 1.000000000000000000, 0.000000000000000000 ) ) ;
#2540 = ORIENTED_EDGE ( 'NONE', *, *, #2033, .F. ) ;
#2541 = ORIENTED_EDGE ( 'NONE', *, *, #414, .T. ) ;
#2542 = EDGE_CURVE ( 'NONE', #3312, #1171, #2240, .T. ) ;
#2543 = DIRECTION ( 'NONE',  ( 0.000000000000000000, 0.000000000000000000, -1.000000000000000000 ) ) ;
#2544 = FACE_OUTER_BOUND ( 'NONE', #2060, .T. ) ;
#2545 = EDGE_LOOP ( 'NONE', ( #1614, #3597 ) ) ;
#2546 = CARTESIAN_POINT ( 'NONE',  ( -4.442600000000000549, 0.3047999999999843612, -1.755000000000000560 ) ) ;
#2547 = VECTOR ( 'NONE', #806, 1000.000000000000000 ) ;
#2548 = EDGE_CURVE ( 'NONE', #2590, #1520, #253, .T. ) ;
#2549 = DIRECTION ( 'NONE',  ( -1.000000000000000000, -3.520899023009863541E-15, 0.000000000000000000 ) ) ;
#2550 = EDGE_LOOP ( 'NONE', ( #1657, #3514, #1983, #441 ) ) ;
#2551 = FACE_OUTER_BOUND ( 'NONE', #2530, .T. ) ;
#2552 = DIRECTION ( 'NONE',  ( -3.520899023009863541E-15, 1.000000000000000000, 0.000000000000000000 ) ) ;
#2553 = ORIENTED_EDGE ( 'NONE', *, *, #2743, .T. ) ;
#2554 = ADVANCED_FACE ( 'NONE', ( #3354 ), #203, .F. ) ;
#2555 = CARTESIAN_POINT ( 'NONE',  ( -6.474999999999999645, -2.274361106536459120E-14, 0.9549999999999997380 ) ) ;
#2556 = CARTESIAN_POINT ( 'NONE',  ( -4.542599999999999305, -2.910200000000017440, -1.755000000000001004 ) ) ;
#2557 = ORIENTED_EDGE ( 'NONE', *, *, #239, .F. ) ;
#2558 = ORIENTED_EDGE ( 'NONE', *, *, #408, .F. ) ;
#2559 = CARTESIAN_POINT ( 'NONE',  ( -4.542599999999999305, -2.910200000000017440, -2.540000000000000036 ) ) ;
#2560 = VERTEX_POINT ( 'NONE', #1044 ) ;
#2561 = CARTESIAN_POINT ( 'NONE',  ( -6.475000000000060929, 17.15007833656751757, 7.174546478949806350 ) ) ;
#2562 = DIRECTION ( 'NONE',  ( -2.263190266948215415E-15, 0.6427876096865489108, -0.7660444431189700198 ) ) ;
#2563 = ORIENTED_EDGE ( 'NONE', *, *, #2697, .T. ) ;
#2564 = PLANE ( 'NONE',  #2802 ) ;
#2565 = DIRECTION ( 'NONE',  ( -1.000000000000000000, 3.944304526105059027E-31, 0.000000000000000000 ) ) ;
#2566 = CYLINDRICAL_SURFACE ( 'NONE', #3458, 8.945199999999996265 ) ;
#2567 = AXIS2_PLACEMENT_3D ( 'NONE', #1856, #2347, #2173 ) ;
#2568 = VERTEX_POINT ( 'NONE', #1911 ) ;
#2569 = VECTOR ( 'NONE', #2071, 1000.000000000000000 ) ;
#2570 = DIRECTION ( 'NONE',  ( 1.000000000000000000, 3.520899023009863935E-15, 0.000000000000000000 ) ) ;
#2571 = DIRECTION ( 'NONE',  ( 1.222827003199860539E-31, -5.868165038349772568E-17, -1.000000000000000000 ) ) ;
#2572 = AXIS2_PLACEMENT_3D ( 'NONE', #3388, #290, #337 ) ;
#2573 = DIRECTION ( 'NONE',  ( 0.2588190451025108030, 0.9659258262890708657, 8.881784197001251337E-16 ) ) ;
#2574 = EDGE_LOOP ( 'NONE', ( #1352, #2051, #623, #2387 ) ) ;
#2575 = EDGE_LOOP ( 'NONE', ( #2226, #2665, #1408 ) ) ;
#2576 = LINE ( 'NONE', #1663, #1575 ) ;
#2577 = AXIS2_PLACEMENT_3D ( 'NONE', #3123, #1137, #2260 ) ;
#2578 = AXIS2_PLACEMENT_3D ( 'NONE', #1681, #1944, #1960 ) ;
#2579 = DIRECTION ( 'NONE',  ( 1.000000000000000000, 3.520899023009863935E-15, 0.000000000000000000 ) ) ;
#2580 = AXIS2_PLACEMENT_3D ( 'NONE', #2839, #1963, #2543 ) ;
#2581 = ORIENTED_EDGE ( 'NONE', *, *, #3336, .F. ) ;
#2582 = CARTESIAN_POINT ( 'NONE',  ( -6.475000000000000533, 0.3047999999999772003, 4.985199999999999854 ) ) ;
#2583 = CARTESIAN_POINT ( 'NONE',  ( -6.474999999999999645, -2.268940095674031598E-14, 4.985199999999999854 ) ) ;
#2584 = CIRCLE ( 'NONE', #2104, 2.505493963273511593 ) ;
#2585 = EDGE_CURVE ( 'NONE', #453, #3479, #1936, .T. ) ;
#2586 = ORIENTED_EDGE ( 'NONE', *, *, #2415, .F. ) ;
#2587 = FACE_OUTER_BOUND ( 'NONE', #2032, .T. ) ;
#2588 = EDGE_CURVE ( 'NONE', #788, #2924, #3310, .T. ) ;
#2589 = LINE ( 'NONE', #1740, #3578 ) ;
#2590 = VERTEX_POINT ( 'NONE', #3267 ) ;
#2591 = FACE_OUTER_BOUND ( 'NONE', #1532, .T. ) ;
#2592 = CARTESIAN_POINT ( 'NONE',  ( 6.348241047071720544, 9.633322021823394365, 0.000000000000000000 ) ) ;
#2593 = ORIENTED_EDGE ( 'NONE', *, *, #3241, .F. ) ;
#2594 = ORIENTED_EDGE ( 'NONE', *, *, #719, .T. ) ;
#2595 = CARTESIAN_POINT ( 'NONE',  ( 4.710058062690118064, 9.436201475754286250, 0.000000000000000000 ) ) ;
#2596 = DIRECTION ( 'NONE',  ( -3.520899023009863541E-15, 1.000000000000000000, 0.000000000000000000 ) ) ;
#2597 = EDGE_CURVE ( 'NONE', #2728, #3139, #971, .T. ) ;
#2598 = ORIENTED_EDGE ( 'NONE', *, *, #738, .T. ) ;
#2599 = DIRECTION ( 'NONE',  ( 0.000000000000000000, -1.000000000000000000, -3.314758234350586204E-15 ) ) ;
#2600 = ADVANCED_FACE ( 'NONE', ( #178 ), #2300, .F. ) ;
#2601 = ORIENTED_EDGE ( 'NONE', *, *, #3308, .F. ) ;
#2602 = CARTESIAN_POINT ( 'NONE',  ( 6.054999999999943761, 15.00000000000002132, -4.264999999999997904 ) ) ;
#2603 = CIRCLE ( 'NONE', #881, 0.3999999999999997446 ) ;
#2604 = DIRECTION ( 'NONE',  ( 0.000000000000000000, -1.000000000000000000, 0.000000000000000000 ) ) ;
#2605 = DIRECTION ( 'NONE',  ( -3.520899023009863541E-15, 1.000000000000000000, 0.000000000000000000 ) ) ;
#2606 = EDGE_CURVE ( 'NONE', #306, #2443, #798, .T. ) ;
#2607 = VERTEX_POINT ( 'NONE', #3430 ) ;
#2608 = CARTESIAN_POINT ( 'NONE',  ( 4.001405656411136214, 11.95377976191317870, 1.711107658937008292E-15 ) ) ;
#2609 = ORIENTED_EDGE ( 'NONE', *, *, #3593, .F. ) ;
#2610 = ORIENTED_EDGE ( 'NONE', *, *, #3336, .T. ) ;
#2611 = CARTESIAN_POINT ( 'NONE',  ( -4.847399999999999487, -2.910200000000017440, -3.325000000000000178 ) ) ;
#2612 = FACE_OUTER_BOUND ( 'NONE', #2436, .T. ) ;
#2613 = ORIENTED_EDGE ( 'NONE', *, *, #198, .F. ) ;
#2614 = CARTESIAN_POINT ( 'NONE',  ( 3.172599999999999643, 0.3048000000000112286, 1.185000000000000941 ) ) ;
#2615 = VERTEX_POINT ( 'NONE', #2611 ) ;
#2616 = LINE ( 'NONE', #3494, #1102 ) ;
#2617 = ORIENTED_EDGE ( 'NONE', *, *, #1127, .T. ) ;
#2618 = EDGE_CURVE ( 'NONE', #2416, #820, #903, .T. ) ;
#2619 = ORIENTED_EDGE ( 'NONE', *, *, #353, .F. ) ;
#2620 = DIRECTION ( 'NONE',  ( 1.000000000000000000, 3.520899023009863935E-15, 0.000000000000000000 ) ) ;
#2621 = DIRECTION ( 'NONE',  ( -1.000000000000000000, -0.000000000000000000, 0.000000000000000000 ) ) ;
#2622 = AXIS2_PLACEMENT_3D ( 'NONE', #2608, #3160, #2573 ) ;
#2623 = DIRECTION ( 'NONE',  ( 1.000000000000000000, 3.520899023009863935E-15, 0.000000000000000000 ) ) ;
#2624 =( GEOMETRIC_REPRESENTATION_CONTEXT ( 3 ) GLOBAL_UNCERTAINTY_ASSIGNED_CONTEXT ( ( #652 ) ) GLOBAL_UNIT_ASSIGNED_CONTEXT ( ( #2651, #1777, #2010 ) ) REPRESENTATION_CONTEXT ( 'NONE', 'WORKASPACE' ) );
#2625 = LINE ( 'NONE', #2350, #733 ) ;
#2626 = VECTOR ( 'NONE', #578, 1000.000000000000000 ) ;
#2627 = ORIENTED_EDGE ( 'NONE', *, *, #361, .T. ) ;
#2628 = LINE ( 'NONE', #945, #3228 ) ;
#2629 = DIRECTION ( 'NONE',  ( -2.263190266948197666E-15, 0.6427876096865438038, 0.7660444431189742387 ) ) ;
#2630 = VECTOR ( 'NONE', #564, 999.9999999999998863 ) ;
#2631 = AXIS2_PLACEMENT_3D ( 'NONE', #1075, #2979, #1891 ) ;
#2632 = ORIENTED_EDGE ( 'NONE', *, *, #2047, .F. ) ;
#2633 = CARTESIAN_POINT ( 'NONE',  ( 3.054999999999941984, 16.51085905220557848, 7.029799999999999827 ) ) ;
#2634 = ADVANCED_FACE ( 'NONE', ( #2544 ), #605, .T. ) ;
#2635 = AXIS2_PLACEMENT_3D ( 'NONE', #2508, #558, #1691 ) ;
#2636 = ORIENTED_EDGE ( 'NONE', *, *, #3041, .T. ) ;
#2637 = DIRECTION ( 'NONE',  ( -4.165776792494369969E-31, 1.183157132672674163E-16, -1.000000000000000000 ) ) ;
#2638 = VECTOR ( 'NONE', #3025, 1000.000000000000000 ) ;
#2639 = EDGE_LOOP ( 'NONE', ( #1929, #1329, #3390, #3128 ) ) ;
#2640 = DIRECTION ( 'NONE',  ( -1.000000000000000000, -3.520899023009863541E-15, 0.000000000000000000 ) ) ;
#2641 = ADVANCED_FACE ( 'NONE', ( #62 ), #557, .F. ) ;
#2642 = CARTESIAN_POINT ( 'NONE',  ( -6.475000000000034284, 9.971464282045239713, -0.07000000000000235201 ) ) ;
#2643 = EDGE_CURVE ( 'NONE', #876, #699, #1196, .T. ) ;
#2644 = CARTESIAN_POINT ( 'NONE',  ( -4.656098549908476159, 0.2596360052624335224, 3.325000000000000178 ) ) ;
#2645 = DIRECTION ( 'NONE',  ( 0.000000000000000000, 0.000000000000000000, -1.000000000000000000 ) ) ;
#2646 = ADVANCED_FACE ( 'NONE', ( #2661 ), #924, .T. ) ;
#2647 = EDGE_LOOP ( 'NONE', ( #3417, #1422, #2929, #2993, #3371 ) ) ;
#2648 = CARTESIAN_POINT ( 'NONE',  ( -4.542599999999999305, 1.073170022213405293E-15, 0.000000000000000000 ) ) ;
#2649 = DIRECTION ( 'NONE',  ( 1.000000000000000000, 3.520899023009863541E-15, 0.000000000000000000 ) ) ;
#2650 = ORIENTED_EDGE ( 'NONE', *, *, #1620, .F. ) ;
#2651 =( LENGTH_UNIT ( ) NAMED_UNIT ( * ) SI_UNIT ( .MILLI., .METRE. ) );
#2652 = ADVANCED_FACE ( 'NONE', ( #1247 ), #388, .T. ) ;
#2653 = PLANE ( 'NONE',  #562 ) ;
#2654 = EDGE_LOOP ( 'NONE', ( #2325, #2502 ) ) ;
#2655 = VECTOR ( 'NONE', #476, 1000.000000000000000 ) ;
#2656 = CARTESIAN_POINT ( 'NONE',  ( 5.054999999999995275, 1.420000000000017470, -4.264999999999999680 ) ) ;
#2657 = CARTESIAN_POINT ( 'NONE',  ( -6.475000000000057376, 16.30543303848321912, -6.811167539266999249 ) ) ;
#2658 = EDGE_CURVE ( 'NONE', #221, #3323, #1857, .T. ) ;
#2659 = PLANE ( 'NONE',  #972 ) ;
#2660 = EDGE_LOOP ( 'NONE', ( #242, #1053, #411, #756 ) ) ;
#2661 = FACE_OUTER_BOUND ( 'NONE', #866, .T. ) ;
#2662 = AXIS2_PLACEMENT_3D ( 'NONE', #3542, #1003, #1875 ) ;
#2663 = LINE ( 'NONE', #626, #3451 ) ;
#2664 = FACE_OUTER_BOUND ( 'NONE', #3176, .T. ) ;
#2665 = ORIENTED_EDGE ( 'NONE', *, *, #2415, .T. ) ;
#2666 = DIRECTION ( 'NONE',  ( -3.520899023009863935E-15, 1.000000000000000000, 0.000000000000000000 ) ) ;
#2667 = ORIENTED_EDGE ( 'NONE', *, *, #1012, .F. ) ;
#2668 = FACE_OUTER_BOUND ( 'NONE', #608, .T. ) ;
#2669 = CARTESIAN_POINT ( 'NONE',  ( -6.475000000000000533, 0.3047999999999772003, 4.985199999999999854 ) ) ;
#2670 = CARTESIAN_POINT ( 'NONE',  ( -4.542599999999999305, -0.07382006122010008331, -3.324999999999999734 ) ) ;
#2671 = DIRECTION ( 'NONE',  ( -3.520899023009863541E-15, 1.000000000000000000, 0.000000000000000000 ) ) ;
#2672 = ORIENTED_EDGE ( 'NONE', *, *, #2323, .F. ) ;
#2673 = DIRECTION ( 'NONE',  ( 4.165776792494369969E-31, -1.183157132672674163E-16, 1.000000000000000000 ) ) ;
#2674 = DIRECTION ( 'NONE',  ( 1.000000000000000000, 3.520899023009863935E-15, 0.000000000000000000 ) ) ;
#2675 = ORIENTED_EDGE ( 'NONE', *, *, #1666, .F. ) ;
#2676 = CARTESIAN_POINT ( 'NONE',  ( -4.442599999999998772, -0.1000000000000150352, 3.324999999999999734 ) ) ;
#2677 = DIRECTION ( 'NONE',  ( -3.520899023009863541E-15, 1.000000000000000000, -4.832098818876900487E-16 ) ) ;
#2678 = DIRECTION ( 'NONE',  ( 0.000000000000000000, 0.000000000000000000, -1.000000000000000000 ) ) ;
#2679 = CIRCLE ( 'NONE', #790, 0.3999999999999997446 ) ;
#2680 = CARTESIAN_POINT ( 'NONE',  ( -6.475000000000001421, 0.6047999999999771337, 4.985199999999999854 ) ) ;
#2681 = DIRECTION ( 'NONE',  ( -0.000000000000000000, -0.000000000000000000, 1.000000000000000000 ) ) ;
#2682 = VERTEX_POINT ( 'NONE', #1235 ) ;
#2683 = CARTESIAN_POINT ( 'NONE',  ( -6.475000000000010303, 2.879312309715262863, -5.521420314136124219 ) ) ;
#2684 = CIRCLE ( 'NONE', #1915, 8.945199999999996265 ) ;
#2685 = CIRCLE ( 'NONE', #88, 0.6048000000000007814 ) ;
#2686 = CIRCLE ( 'NONE', #3218, 0.3000000000000207501 ) ;
#2687 = ORIENTED_EDGE ( 'NONE', *, *, #1717, .T. ) ;
#2688 = FACE_OUTER_BOUND ( 'NONE', #2796, .T. ) ;
#2689 = DIRECTION ( 'NONE',  ( -3.520899023009863541E-15, 1.000000000000000000, 0.000000000000000000 ) ) ;
#2690 = DIRECTION ( 'NONE',  ( -3.520899023009863935E-15, 1.000000000000000000, 0.000000000000000000 ) ) ;
#2691 = VECTOR ( 'NONE', #1632, 1000.000000000000114 ) ;
#2692 = EDGE_CURVE ( 'NONE', #1862, #222, #3257, .T. ) ;
#2693 = CARTESIAN_POINT ( 'NONE',  ( -4.531822690360980843, -0.04780133412368679779, -3.325000000000000622 ) ) ;
#2694 = PRODUCT_RELATED_PRODUCT_CATEGORY ( 'part', '', ( #1427 ) ) ;
#2695 = ORIENTED_EDGE ( 'NONE', *, *, #1446, .F. ) ;
#2696 = AXIS2_PLACEMENT_3D ( 'NONE', #1169, #3060, #1147 ) ;
#2697 = EDGE_CURVE ( 'NONE', #1613, #2803, #3499, .T. ) ;
#2698 = DIRECTION ( 'NONE',  ( -1.000000000000000000, -3.520899023009863541E-15, 0.000000000000000000 ) ) ;
#2699 = VECTOR ( 'NONE', #1671, 1000.000000000000000 ) ;
#2700 = ORIENTED_EDGE ( 'NONE', *, *, #1322, .T. ) ;
#2701 = LINE ( 'NONE', #1297, #1685 ) ;
#2702 = CIRCLE ( 'NONE', #452, 0.4000000000000010214 ) ;
#2703 = EDGE_CURVE ( 'NONE', #3393, #3307, #2025, .T. ) ;
#2704 = DIRECTION ( 'NONE',  ( 1.000000000000000000, 3.520899023009863935E-15, 0.000000000000000000 ) ) ;
#2705 = CARTESIAN_POINT ( 'NONE',  ( 3.054999999999940652, 16.89961699854402966, 6.566496320801612718 ) ) ;
#2706 = EDGE_LOOP ( 'NONE', ( #2316, #2557, #2373, #2297, #2467, #2308 ) ) ;
#2707 = CARTESIAN_POINT ( 'NONE',  ( -6.475000000000058265, 16.51085905220554295, 7.029799999999999827 ) ) ;
#2708 = EDGE_CURVE ( 'NONE', #3072, #1010, #185, .T. ) ;
#2709 = EDGE_CURVE ( 'NONE', #3647, #3502, #2956, .T. ) ;
#2710 = ORIENTED_EDGE ( 'NONE', *, *, #2408, .F. ) ;
#2711 = ADVANCED_FACE ( 'NONE', ( #1807 ), #2974, .T. ) ;
#2712 = DIRECTION ( 'NONE',  ( 3.520899023009863541E-15, -1.000000000000000000, 4.832098818876900487E-16 ) ) ;
#2713 = CARTESIAN_POINT ( 'NONE',  ( 2.772599999999999731, 0.006181886560026643267, -0.7850000000000002531 ) ) ;
#2714 = DIRECTION ( 'NONE',  ( 0.1194669976176413462, -0.9928381723524868363, 0.000000000000000000 ) ) ;
#2715 = CARTESIAN_POINT ( 'NONE',  ( 1.772599999999999953, 6.295355716811559694E-15, 6.512297604710335573E-16 ) ) ;
#2716 = EDGE_LOOP ( 'NONE', ( #3522, #369, #920, #900 ) ) ;
#2717 = DIRECTION ( 'NONE',  ( -0.2588190451025104144, -0.9659258262890710878, 0.000000000000000000 ) ) ;
#2718 = DIRECTION ( 'NONE',  ( -0.000000000000000000, -0.000000000000000000, 1.000000000000000000 ) ) ;
#2719 = FACE_OUTER_BOUND ( 'NONE', #2575, .T. ) ;
#2720 = EDGE_CURVE ( 'NONE', #3506, #3340, #3140, .T. ) ;
#2721 = ORIENTED_EDGE ( 'NONE', *, *, #3020, .T. ) ;
#2722 = CARTESIAN_POINT ( 'NONE',  ( -6.475000000000060041, 16.89961699854397992, -6.566496320801628706 ) ) ;
#2723 = LINE ( 'NONE', #1870, #2655 ) ;
#2724 = CARTESIAN_POINT ( 'NONE',  ( -4.542599999999998417, -0.07382006122010008331, 3.324999999999999734 ) ) ;
#2725 = CARTESIAN_POINT ( 'NONE',  ( 3.054999999999941984, 16.51085905220557848, 7.029799999999999827 ) ) ;
#2726 = LINE ( 'NONE', #2367, #3338 ) ;
#2727 = AXIS2_PLACEMENT_3D ( 'NONE', #1576, #1218, #2678 ) ;
#2728 = VERTEX_POINT ( 'NONE', #421 ) ;
#2729 = CARTESIAN_POINT ( 'NONE',  ( -6.475000000000056488, 16.09672020854134900, 6.589036959162287488 ) ) ;
#2730 = CARTESIAN_POINT ( 'NONE',  ( -6.475000000000034284, 9.971464282045239713, -9.015200000000000102 ) ) ;
#2731 = ORIENTED_EDGE ( 'NONE', *, *, #241, .F. ) ;
#2732 = ORIENTED_EDGE ( 'NONE', *, *, #1308, .F. ) ;
#2733 = CARTESIAN_POINT ( 'NONE',  ( 1.772600000000000176, 6.295355716811560482E-15, -1.584999999999999520 ) ) ;
#2734 = CARTESIAN_POINT ( 'NONE',  ( -6.475000000000008527, 2.399799999999977285, 5.889999999999999680 ) ) ;
#2735 = PLANE ( 'NONE',  #472 ) ;
#2736 = VERTEX_POINT ( 'NONE', #149 ) ;
#2737 = DIRECTION ( 'NONE',  ( -1.000000000000000000, -3.520899023009863541E-15, 0.000000000000000000 ) ) ;
#2738 = FACE_OUTER_BOUND ( 'NONE', #859, .T. ) ;
#2739 = DIRECTION ( 'NONE',  ( -3.520899023009863541E-15, 1.000000000000000000, 0.000000000000000000 ) ) ;
#2740 = EDGE_LOOP ( 'NONE', ( #1573, #1120, #1873, #1854 ) ) ;
#2741 = DIRECTION ( 'NONE',  ( 1.000000000000000000, 3.520899023009863541E-15, 0.000000000000000000 ) ) ;
#2742 = DIRECTION ( 'NONE',  ( 0.1194669976176412213, -0.9928381723524869473, 0.000000000000000000 ) ) ;
#2743 = EDGE_CURVE ( 'NONE', #2781, #965, #1350, .T. ) ;
#2744 = FACE_OUTER_BOUND ( 'NONE', #1751, .T. ) ;
#2745 = ORIENTED_EDGE ( 'NONE', *, *, #719, .F. ) ;
#2746 = CYLINDRICAL_SURFACE ( 'NONE', #3333, 0.4048000000000002707 ) ;
#2747 = CARTESIAN_POINT ( 'NONE',  ( -4.847399999999999487, -3.695200000000017582, -2.540000000000000036 ) ) ;
#2748 = ORIENTED_EDGE ( 'NONE', *, *, #3633, .T. ) ;
#2749 = AXIS2_PLACEMENT_3D ( 'NONE', #2487, #1078, #3337 ) ;
#2750 = ORIENTED_EDGE ( 'NONE', *, *, #1940, .T. ) ;
#2751 = CARTESIAN_POINT ( 'NONE',  ( 2.772600000000000176, -0.09999999999999006906, -0.7850000000000002531 ) ) ;
#2752 = CIRCLE ( 'NONE', #2091, 0.7850000000000001421 ) ;
#2753 = VECTOR ( 'NONE', #354, 999.9999999999998863 ) ;
#2754 = EDGE_CURVE ( 'NONE', #1010, #1431, #61, .T. ) ;
#2755 = EDGE_LOOP ( 'NONE', ( #2256, #1975, #2963, #656 ) ) ;
#2756 = PLANE ( 'NONE',  #2445 ) ;
#2757 = CIRCLE ( 'NONE', #1793, 1.195200000000002261 ) ;
#2758 = CARTESIAN_POINT ( 'NONE',  ( -6.474999999999999645, -2.268940095674031598E-14, 4.985199999999999854 ) ) ;
#2759 = AXIS2_PLACEMENT_3D ( 'NONE', #3023, #2772, #224 ) ;
#2760 = AXIS2_PLACEMENT_3D ( 'NONE', #511, #1401, #2253 ) ;
#2761 = EDGE_CURVE ( 'NONE', #1838, #3647, #1051, .T. ) ;
#2762 = EDGE_LOOP ( 'NONE', ( #2970, #37, #2799, #673 ) ) ;
#2763 = CARTESIAN_POINT ( 'NONE',  ( 2.815045246306035143, 0.1094475194260915718, 0.7850000000000003642 ) ) ;
#2764 = DIRECTION ( 'NONE',  ( 1.000000000000000000, 3.520899023009863541E-15, 0.000000000000000000 ) ) ;
#2765 = CARTESIAN_POINT ( 'NONE',  ( -6.474999999999999645, -2.274361106536459120E-14, 0.9549999999999997380 ) ) ;
#2766 = EDGE_LOOP ( 'NONE', ( #487, #782, #2064, #1921, #2999, #2009, #2259, #2951, #3420, #1025, #1510, #3475, #2672, #3229, #3543, #776, #187, #230, #417, #3396, #1426, #3064, #2005, #2015 ) ) ;
#2767 = EDGE_CURVE ( 'NONE', #1559, #215, #7, .T. ) ;
#2768 = DIRECTION ( 'NONE',  ( -1.000000000000000000, -3.520899023009863541E-15, 3.097720492815726180E-16 ) ) ;
#2769 = EDGE_CURVE ( 'NONE', #2207, #2829, #740, .T. ) ;
#2770 = EDGE_CURVE ( 'NONE', #3442, #591, #2138, .T. ) ;
#2771 = EDGE_LOOP ( 'NONE', ( #3583, #3469, #1249, #3549 ) ) ;
#2772 = DIRECTION ( 'NONE',  ( 1.000000000000000000, 3.520899023009863935E-15, 0.000000000000000000 ) ) ;
#2773 = ORIENTED_EDGE ( 'NONE', *, *, #367, .F. ) ;
#2774 = DIRECTION ( 'NONE',  ( 0.000000000000000000, 0.000000000000000000, 1.000000000000000000 ) ) ;
#2775 = CARTESIAN_POINT ( 'NONE',  ( -6.475000000000057376, 16.30543303848322978, 6.811167539267014348 ) ) ;
#2776 = CARTESIAN_POINT ( 'NONE',  ( 6.151932457802873344, 4.190000000000021707, 1.780000000000008908 ) ) ;
#2777 = ORIENTED_EDGE ( 'NONE', *, *, #239, .T. ) ;
#2778 = DIRECTION ( 'NONE',  ( -3.520899023009863541E-15, 1.000000000000000000, 0.000000000000000000 ) ) ;
#2779 = PLANE ( 'NONE',  #2843 ) ;
#2780 = DIRECTION ( 'NONE',  ( 1.000000000000000000, 3.520899023009863541E-15, 1.711110155826401300E-15 ) ) ;
#2781 = VERTEX_POINT ( 'NONE', #211 ) ;
#2782 = CARTESIAN_POINT ( 'NONE',  ( -4.542599999999999305, -2.910200000000017440, 2.539999999999999591 ) ) ;
#2783 = ORIENTED_EDGE ( 'NONE', *, *, #2053, .F. ) ;
#2784 = LINE ( 'NONE', #2505, #2927 ) ;
#2785 = LINE ( 'NONE', #1952, #1415 ) ;
#2786 = VECTOR ( 'NONE', #1039, 999.9999999999998863 ) ;
#2787 = VERTEX_POINT ( 'NONE', #3056 ) ;
#2788 = FACE_OUTER_BOUND ( 'NONE', #1073, .T. ) ;
#2789 = PLANE ( 'NONE',  #1627 ) ;
#2790 = VERTEX_POINT ( 'NONE', #489 ) ;
#2791 = CARTESIAN_POINT ( 'NONE',  ( -6.474999999999999645, -2.274361106536459120E-14, -0.9549999999999997380 ) ) ;
#2792 = DIRECTION ( 'NONE',  ( -1.000000000000000000, -3.520899023009863541E-15, 8.432946518387747648E-32 ) ) ;
#2793 = CARTESIAN_POINT ( 'NONE',  ( -4.542600000000000193, -0.1000000000000153821, -1.755000000000001004 ) ) ;
#2794 = LINE ( 'NONE', #1905, #3282 ) ;
#2795 = EDGE_CURVE ( 'NONE', #3202, #221, #759, .T. ) ;
#2796 = EDGE_LOOP ( 'NONE', ( #751, #2023, #2558, #3385 ) ) ;
#2797 = FACE_OUTER_BOUND ( 'NONE', #375, .T. ) ;
#2798 = CARTESIAN_POINT ( 'NONE',  ( 5.844933786229046468, 4.190000000000020819, 1.780000000000008908 ) ) ;
#2799 = ORIENTED_EDGE ( 'NONE', *, *, #3094, .T. ) ;
#2800 = CARTESIAN_POINT ( 'NONE',  ( -4.442599999999998772, -0.1000000000000150352, -3.325000000000000178 ) ) ;
#2801 = CARTESIAN_POINT ( 'NONE',  ( -6.475000000000060041, 16.89961699854399413, 6.566496320801612718 ) ) ;
#2802 = AXIS2_PLACEMENT_3D ( 'NONE', #243, #2531, #3613 ) ;
#2803 = VERTEX_POINT ( 'NONE', #3605 ) ;
#2804 = LINE ( 'NONE', #561, #36 ) ;
#2805 = EDGE_CURVE ( 'NONE', #820, #308, #2723, .T. ) ;
#2806 = CIRCLE ( 'NONE', #1202, 1.115199999999997971 ) ;
#2807 = PLANE ( 'NONE',  #1572 ) ;
#2808 = ADVANCED_FACE ( 'NONE', ( #2460 ), #1016, .F. ) ;
#2809 = EDGE_CURVE ( 'NONE', #1048, #1268, #3590, .T. ) ;
#2810 = AXIS2_PLACEMENT_3D ( 'NONE', #621, #2280, #2539 ) ;
#2811 = ORIENTED_EDGE ( 'NONE', *, *, #2433, .T. ) ;
#2812 = AXIS2_PLACEMENT_3D ( 'NONE', #2680, #2957, #760 ) ;
#2813 = VECTOR ( 'NONE', #722, 1000.000000000000000 ) ;
#2814 = VECTOR ( 'NONE', #2114, 1000.000000000000000 ) ;
#2815 = DIRECTION ( 'NONE',  ( 3.520899023009863541E-15, -1.000000000000000000, -4.832098818876899501E-16 ) ) ;
#2816 = FACE_OUTER_BOUND ( 'NONE', #2647, .T. ) ;
#2817 = VERTEX_POINT ( 'NONE', #1353 ) ;
#2818 = ORIENTED_EDGE ( 'NONE', *, *, #206, .F. ) ;
#2819 = CIRCLE ( 'NONE', #2580, 0.6048000000000207654 ) ;
#2820 = CYLINDRICAL_SURFACE ( 'NONE', #501, 0.6048000000000207654 ) ;
#2821 = EDGE_CURVE ( 'NONE', #1581, #547, #2476, .T. ) ;
#2822 = AXIS2_PLACEMENT_3D ( 'NONE', #358, #2244, #1968 ) ;
#2823 = DIRECTION ( 'NONE',  ( 0.1194669976176413462, -0.9928381723524869473, 0.000000000000000000 ) ) ;
#2824 = ORIENTED_EDGE ( 'NONE', *, *, #1117, .T. ) ;
#2825 = FACE_OUTER_BOUND ( 'NONE', #3649, .T. ) ;
#2826 = CARTESIAN_POINT ( 'NONE',  ( 5.054999999999999716, 0.3048000000000177234, 4.264999999999999680 ) ) ;
#2827 = CARTESIAN_POINT ( 'NONE',  ( -4.847399999999999487, -2.910200000000017440, -2.540000000000000924 ) ) ;
#2828 = EDGE_CURVE ( 'NONE', #221, #3489, #1071, .T. ) ;
#2829 = VERTEX_POINT ( 'NONE', #1925 ) ;
#2830 = FACE_OUTER_BOUND ( 'NONE', #2381, .T. ) ;
#2831 = DIRECTION ( 'NONE',  ( 0.000000000000000000, 1.000000000000000000, 0.000000000000000000 ) ) ;
#2832 = PLANE ( 'NONE',  #1630 ) ;
#2833 = LINE ( 'NONE', #3384, #825 ) ;
#2834 = EDGE_LOOP ( 'NONE', ( #318, #2959, #638, #1710, #3251 ) ) ;
#2835 = DIRECTION ( 'NONE',  ( 0.000000000000000000, 1.000000000000000000, 1.776356839400250267E-15 ) ) ;
#2836 = LINE ( 'NONE', #1788, #2814 ) ;
#2837 = DIRECTION ( 'NONE',  ( 4.165776792494369969E-31, -1.183157132672674163E-16, 1.000000000000000000 ) ) ;
#2838 = ORIENTED_EDGE ( 'NONE', *, *, #350, .T. ) ;
#2839 = CARTESIAN_POINT ( 'NONE',  ( 3.054999999999941984, 16.51085905220557848, -7.029799999999999827 ) ) ;
#2840 = ORIENTED_EDGE ( 'NONE', *, *, #2261, .F. ) ;
#2841 = DIRECTION ( 'NONE',  ( -1.000000000000000000, -3.520899023009863541E-15, 3.097720492815726180E-16 ) ) ;
#2842 = SPHERICAL_SURFACE ( 'NONE', #3051, 2.500000000000000000 ) ;
#2843 = AXIS2_PLACEMENT_3D ( 'NONE', #1644, #2571, #47 ) ;
#2844 = ORIENTED_EDGE ( 'NONE', *, *, #1156, .F. ) ;
#2845 = LINE ( 'NONE', #1101, #430 ) ;
#2846 = CARTESIAN_POINT ( 'NONE',  ( 3.054999999999939764, 16.30543303848326175, 6.811167539267014348 ) ) ;
#2847 = EDGE_LOOP ( 'NONE', ( #466, #3587, #1877, #2891 ) ) ;
#2848 = SURFACE_SIDE_STYLE ('',( #333 ) ) ;
#2849 = CARTESIAN_POINT ( 'NONE',  ( 2.772600000000000176, -2.910199999999990350, -0.7850000000000002531 ) ) ;
#2850 = PLANE ( 'NONE',  #3399 ) ;
#2851 = ORIENTED_EDGE ( 'NONE', *, *, #2037, .F. ) ;
#2852 = ORIENTED_EDGE ( 'NONE', *, *, #2203, .T. ) ;
#2853 = CARTESIAN_POINT ( 'NONE',  ( 3.054999999999987725, 2.637653328231800209, -5.707172774869109233 ) ) ;
#2854 = ADVANCED_FACE ( 'NONE', ( #510 ), #2779, .T. ) ;
#2855 = EDGE_CURVE ( 'NONE', #1894, #392, #1124, .T. ) ;
#2856 = ORIENTED_EDGE ( 'NONE', *, *, #1830, .T. ) ;
#2857 = CARTESIAN_POINT ( 'NONE',  ( 3.177399999999998670, 0.3048000000000112286, -0.7850000000000002531 ) ) ;
#2858 = EDGE_LOOP ( 'NONE', ( #426, #339, #2844, #3031 ) ) ;
#2859 = DIRECTION ( 'NONE',  ( -3.628521326926045512E-15, 1.000000000000000000, 0.000000000000000000 ) ) ;
#2860 = CARTESIAN_POINT ( 'NONE',  ( -6.475000000000058265, 16.51085905220554295, -7.029799999999999827 ) ) ;
#2861 = ORIENTED_EDGE ( 'NONE', *, *, #964, .F. ) ;
#2862 = AXIS2_PLACEMENT_3D ( 'NONE', #1262, #3498, #2107 ) ;
#2863 = AXIS2_PLACEMENT_3D ( 'NONE', #341, #887, #2018 ) ;
#2864 = FILL_AREA_STYLE ('',( #636 ) ) ;
#2865 = CARTESIAN_POINT ( 'NONE',  ( 3.172600000000000087, 1.122461434902536944E-14, -1.185000000000000053 ) ) ;
#2866 = EDGE_CURVE ( 'NONE', #1945, #658, #2603, .T. ) ;
#2867 = CIRCLE ( 'NONE', #1380, 9.249999999999996447 ) ;
#2868 = ADVANCED_FACE ( 'NONE', ( #867 ), #1456, .T. ) ;
#2869 = DIRECTION ( 'NONE',  ( 0.000000000000000000, 0.000000000000000000, -1.000000000000000000 ) ) ;
#2870 = ORIENTED_EDGE ( 'NONE', *, *, #2585, .F. ) ;
#2871 = ORIENTED_EDGE ( 'NONE', *, *, #1715, .T. ) ;
#2872 = CIRCLE ( 'NONE', #3289, 2.500000000000000444 ) ;
#2873 = LINE ( 'NONE', #1809, #2034 ) ;
#2874 = VECTOR ( 'NONE', #2562, 1000.000000000000114 ) ;
#2875 = ORIENTED_EDGE ( 'NONE', *, *, #71, .F. ) ;
#2876 = ADVANCED_FACE ( 'NONE', ( #2591 ), #1679, .F. ) ;
#2877 = EDGE_CURVE ( 'NONE', #2076, #3489, #1472, .T. ) ;
#2878 = VERTEX_POINT ( 'NONE', #1164 ) ;
#2879 = CARTESIAN_POINT ( 'NONE',  ( 3.054999999999965077, 9.971464282045271688, -9.015200000000000102 ) ) ;
#2880 = CARTESIAN_POINT ( 'NONE',  ( 3.077399999999999469, -0.07382006122007379878, -0.7850000000000002531 ) ) ;
#2881 = ORIENTED_EDGE ( 'NONE', *, *, #1534, .T. ) ;
#2882 = CARTESIAN_POINT ( 'NONE',  ( -4.554074927842909126, 0.3035600588190749405, 1.755000000000001004 ) ) ;
#2883 = ORIENTED_EDGE ( 'NONE', *, *, #720, .F. ) ;
#2884 = ORIENTED_EDGE ( 'NONE', *, *, #1822, .T. ) ;
#2885 = FACE_OUTER_BOUND ( 'NONE', #3134, .T. ) ;
#2886 = CARTESIAN_POINT ( 'NONE',  ( -6.475000000000060929, 17.34599999999997522, -6.941056132687144498 ) ) ;
#2887 = EDGE_CURVE ( 'NONE', #761, #293, #1726, .T. ) ;
#2888 = ORIENTED_EDGE ( 'NONE', *, *, #2263, .F. ) ;
#2889 = FACE_OUTER_BOUND ( 'NONE', #377, .T. ) ;
#2890 = FACE_OUTER_BOUND ( 'NONE', #3510, .T. ) ;
#2891 = ORIENTED_EDGE ( 'NONE', *, *, #2206, .T. ) ;
#2892 = CARTESIAN_POINT ( 'NONE',  ( -6.475000000000001421, 0.6047999999999772447, 5.589999999999999858 ) ) ;
#2893 = VECTOR ( 'NONE', #1369, 1000.000000000000000 ) ;
#2894 = DIRECTION ( 'NONE',  ( -2.697165131359717036E-15, 0.7660444431189700198, 0.6427876096865489108 ) ) ;
#2895 = EDGE_CURVE ( 'NONE', #3320, #3072, #2249, .T. ) ;
#2896 = ORIENTED_EDGE ( 'NONE', *, *, #2239, .F. ) ;
#2897 = AXIS2_PLACEMENT_3D ( 'NONE', #81, #1201, #3467 ) ;
#2898 = ORIENTED_EDGE ( 'NONE', *, *, #175, .T. ) ;
#2899 = DIRECTION ( 'NONE',  ( 0.000000000000000000, 0.000000000000000000, -1.000000000000000000 ) ) ;
#2900 = DIRECTION ( 'NONE',  ( -0.000000000000000000, 0.000000000000000000, 1.000000000000000000 ) ) ;
#2901 = CARTESIAN_POINT ( 'NONE',  ( -4.542599999999999305, -0.07382006122010008331, 1.755000000000000560 ) ) ;
#2902 = CARTESIAN_POINT ( 'NONE',  ( 3.175799999999998402, 0.3048000000000112286, 0.7850000000000018074 ) ) ;
#2903 = CARTESIAN_POINT ( 'NONE',  ( -6.475000000000001421, 0.6047999999999771337, -5.285199999999999676 ) ) ;
#2904 = EDGE_CURVE ( 'NONE', #2346, #853, #2833, .T. ) ;
#2905 = ORIENTED_EDGE ( 'NONE', *, *, #2866, .F. ) ;
#2906 = DIRECTION ( 'NONE',  ( -3.520899023009863541E-15, 1.000000000000000000, 0.000000000000000000 ) ) ;
#2907 = CARTESIAN_POINT ( 'NONE',  ( -6.475000000000058265, 16.51085905220554295, 7.029799999999999827 ) ) ;
#2908 = ORIENTED_EDGE ( 'NONE', *, *, #566, .F. ) ;
#2909 = DIRECTION ( 'NONE',  ( 0.1194669976176413462, -0.9928381723524868363, 0.000000000000000000 ) ) ;
#2910 = DIRECTION ( 'NONE',  ( -1.000000000000000000, -3.520899023009866302E-15, 0.000000000000000000 ) ) ;
#2911 = ORIENTED_EDGE ( 'NONE', *, *, #175, .F. ) ;
#2912 = EDGE_CURVE ( 'NONE', #2098, #3450, #505, .T. ) ;
#2913 = CARTESIAN_POINT ( 'NONE',  ( -4.847399999999999487, -2.910200000000017440, -2.540000000000000036 ) ) ;
#2914 = EDGE_CURVE ( 'NONE', #381, #1141, #301, .T. ) ;
#2915 = EDGE_CURVE ( 'NONE', #3635, #244, #2952, .T. ) ;
#2916 = ORIENTED_EDGE ( 'NONE', *, *, #288, .F. ) ;
#2917 = CARTESIAN_POINT ( 'NONE',  ( -6.475000000000009415, 2.637653328231769567, 5.707172774869111898 ) ) ;
#2918 = CARTESIAN_POINT ( 'NONE',  ( -4.446201815651361855, -8.631133790887689900E-05, 1.755000000000001004 ) ) ;
#2919 = AXIS2_PLACEMENT_3D ( 'NONE', #1211, #2637, #1781 ) ;
#2920 = STYLED_ITEM ( 'NONE', ( #1522 ), #260 ) ;
#2921 = DIRECTION ( 'NONE',  ( 0.000000000000000000, 0.000000000000000000, 1.000000000000000000 ) ) ;
#2922 = EDGE_CURVE ( 'NONE', #1290, #2450, #2163, .T. ) ;
#2923 = CIRCLE ( 'NONE', #1154, 0.2999999999999999334 ) ;
#2924 = VERTEX_POINT ( 'NONE', #525 ) ;
#2925 = DIRECTION ( 'NONE',  ( -1.000000000000000000, -3.520899023009858413E-15, 0.000000000000000000 ) ) ;
#2926 = FACE_OUTER_BOUND ( 'NONE', #2948, .T. ) ;
#2927 = VECTOR ( 'NONE', #3599, 1000.000000000000000 ) ;
#2928 = AXIS2_PLACEMENT_3D ( 'NONE', #3400, #2552, #3383 ) ;
#2929 = ORIENTED_EDGE ( 'NONE', *, *, #2359, .T. ) ;
#2930 = ORIENTED_EDGE ( 'NONE', *, *, #2542, .T. ) ;
#2931 = SURFACE_STYLE_USAGE ( .BOTH. , #2045 ) ;
#2932 = CIRCLE ( 'NONE', #2989, 0.7850000000000001421 ) ;
#2933 = AXIS2_PLACEMENT_3D ( 'NONE', #2357, #2605, #2935 ) ;
#2934 = DIRECTION ( 'NONE',  ( 1.000000000000000000, 3.520899023009863541E-15, 0.000000000000000000 ) ) ;
#2935 = DIRECTION ( 'NONE',  ( -1.000000000000000000, -3.520899023009858413E-15, 0.000000000000000000 ) ) ;
#2936 = EDGE_CURVE ( 'NONE', #3323, #75, #1396, .T. ) ;
#2937 = ORIENTED_EDGE ( 'NONE', *, *, #2492, .F. ) ;
#2938 = CARTESIAN_POINT ( 'NONE',  ( -6.475000000000058265, 16.51085905220554295, 7.029799999999999827 ) ) ;
#2939 = CARTESIAN_POINT ( 'NONE',  ( -4.847400000000001263, 0.006933026137794639533, -1.755000000000001004 ) ) ;
#2940 = ORIENTED_EDGE ( 'NONE', *, *, #1756, .F. ) ;
#2941 = DIRECTION ( 'NONE',  ( -1.000000000000000000, -3.520899023009863541E-15, 0.000000000000000000 ) ) ;
#2942 = DIRECTION ( 'NONE',  ( -0.000000000000000000, 0.000000000000000000, 1.000000000000000000 ) ) ;
#2943 = CARTESIAN_POINT ( 'NONE',  ( 2.772600000000000176, -2.910199999999990350, -0.7850000000000002531 ) ) ;
#2944 = DIRECTION ( 'NONE',  ( -1.000000000000000000, -3.523657060577887833E-15, 0.000000000000000000 ) ) ;
#2945 = VERTEX_POINT ( 'NONE', #486 ) ;
#2946 = DIRECTION ( 'NONE',  ( -1.000000000000000000, -3.520899023009863541E-15, 0.000000000000000000 ) ) ;
#2947 = FACE_OUTER_BOUND ( 'NONE', #1188, .T. ) ;
#2948 = EDGE_LOOP ( 'NONE', ( #2824, #1204, #2281, #1538, #2745 ) ) ;
#2949 = CARTESIAN_POINT ( 'NONE',  ( -4.445800000000000196, 0.3047999999999843612, -3.324999999999997069 ) ) ;
#2950 = DIRECTION ( 'NONE',  ( 4.165776792494369969E-31, -1.183157132672674163E-16, 1.000000000000000000 ) ) ;
#2951 = ORIENTED_EDGE ( 'NONE', *, *, #1756, .T. ) ;
#2952 = CIRCLE ( 'NONE', #12, 0.7850000000000001421 ) ;
#2953 = EDGE_LOOP ( 'NONE', ( #2540, #1383, #3381, #59, #2978, #769 ) ) ;
#2954 = CARTESIAN_POINT ( 'NONE',  ( -6.475000000000008527, 2.399799999999977285, 5.889999999999999680 ) ) ;
#2955 = LINE ( 'NONE', #1283, #2162 ) ;
#2956 = LINE ( 'NONE', #677, #1128 ) ;
#2957 = DIRECTION ( 'NONE',  ( -1.000000000000000000, -3.520899023009863935E-15, -0.000000000000000000 ) ) ;
#2958 = DIRECTION ( 'NONE',  ( 1.000000000000000000, 3.520899023009863935E-15, 0.000000000000000000 ) ) ;
#2959 = ORIENTED_EDGE ( 'NONE', *, *, #3079, .T. ) ;
#2960 = EDGE_CURVE ( 'NONE', #612, #2560, #786, .T. ) ;
#2961 = LINE ( 'NONE', #2388, #2219 ) ;
#2962 = EDGE_CURVE ( 'NONE', #1020, #3602, #1639, .T. ) ;
#2963 = ORIENTED_EDGE ( 'NONE', *, *, #647, .F. ) ;
#2964 = DIRECTION ( 'NONE',  ( -2.263190266948215415E-15, 0.6427876096865489108, 0.7660444431189700198 ) ) ;
#2965 = CARTESIAN_POINT ( 'NONE',  ( -6.475000000000060041, 16.89961699854399413, 6.566496320801612718 ) ) ;
#2966 = CARTESIAN_POINT ( 'NONE',  ( -4.542599999999999305, -0.1000000000000150352, -3.325000000000000178 ) ) ;
#2967 = ORIENTED_EDGE ( 'NONE', *, *, #3591, .T. ) ;
#2968 = PLANE ( 'NONE',  #3212 ) ;
#2969 = EDGE_CURVE ( 'NONE', #3312, #1020, #632, .T. ) ;
#2970 = ORIENTED_EDGE ( 'NONE', *, *, #1947, .F. ) ;
#2971 = PLANE ( 'NONE',  #2331 ) ;
#2972 = DIRECTION ( 'NONE',  ( 0.000000000000000000, 0.000000000000000000, -1.000000000000000000 ) ) ;
#2973 = ADVANCED_FACE ( 'NONE', ( #1974 ), #2735, .T. ) ;
#2974 = PLANE ( 'NONE',  #1067 ) ;
#2975 = EDGE_CURVE ( 'NONE', #402, #1392, #1331, .T. ) ;
#2976 = CARTESIAN_POINT ( 'NONE',  ( 6.348241047071720544, 9.633322021823394365, 0.000000000000000000 ) ) ;
#2977 = CARTESIAN_POINT ( 'NONE',  ( -4.542599999999999305, -3.695200000000017582, -2.540000000000000036 ) ) ;
#2978 = ORIENTED_EDGE ( 'NONE', *, *, #1817, .F. ) ;
#2979 = DIRECTION ( 'NONE',  ( -0.000000000000000000, 0.000000000000000000, 1.000000000000000000 ) ) ;
#2980 = VECTOR ( 'NONE', #3061, 1000.000000000000000 ) ;
#2981 = AXIS2_PLACEMENT_3D ( 'NONE', #1493, #679, #961 ) ;
#2982 = CIRCLE ( 'NONE', #2156, 2.195199999999999374 ) ;
#2983 = EDGE_LOOP ( 'NONE', ( #3497, #3117, #3428, #956 ) ) ;
#2984 = CARTESIAN_POINT ( 'NONE',  ( 3.054999999999943761, 17.15007833656754954, 7.174546478949806350 ) ) ;
#2985 = FACE_OUTER_BOUND ( 'NONE', #23, .T. ) ;
#2986 = ADVANCED_FACE ( 'NONE', ( #3380 ), #3063, .F. ) ;
#2987 = AXIS2_PLACEMENT_3D ( 'NONE', #1129, #3409, #2815 ) ;
#2988 = EDGE_LOOP ( 'NONE', ( #2871, #30, #254, #2563 ) ) ;
#2989 = AXIS2_PLACEMENT_3D ( 'NONE', #128, #1195, #1461 ) ;
#2990 = DIRECTION ( 'NONE',  ( 0.000000000000000000, -1.000000000000000000, 0.000000000000000000 ) ) ;
#2991 = FACE_OUTER_BOUND ( 'NONE', #598, .T. ) ;
#2992 = PRESENTATION_LAYER_ASSIGNMENT (  '', '', ( #1041 ) ) ;
#2993 = ORIENTED_EDGE ( 'NONE', *, *, #2284, .T. ) ;
#2994 = DIRECTION ( 'NONE',  ( 0.000000000000000000, 0.000000000000000000, 1.000000000000000000 ) ) ;
#2995 = PLANE ( 'NONE',  #559 ) ;
#2996 = DIRECTION ( 'NONE',  ( 4.165776792494369969E-31, -1.183157132672674163E-16, 1.000000000000000000 ) ) ;
#2997 = DIRECTION ( 'NONE',  ( -2.263190266948215021E-15, 0.6427876096865489108, 0.7660444431189700198 ) ) ;
#2998 = DIRECTION ( 'NONE',  ( 4.165776792494369969E-31, -1.183157132672674163E-16, 1.000000000000000000 ) ) ;
#2999 = ORIENTED_EDGE ( 'NONE', *, *, #1715, .F. ) ;
#3000 = CARTESIAN_POINT ( 'NONE',  ( 3.054999999999939764, 16.30543303848326531, -6.811167539267012572 ) ) ;
#3001 = CARTESIAN_POINT ( 'NONE',  ( 4.565742741471213506, 14.82079950357356068, -4.264999999999997904 ) ) ;
#3002 = VERTEX_POINT ( 'NONE', #1895 ) ;
#3003 = FACE_OUTER_BOUND ( 'NONE', #2296, .T. ) ;
#3004 = ORIENTED_EDGE ( 'NONE', *, *, #2643, .F. ) ;
#3005 = PLANE ( 'NONE',  #3040 ) ;
#3006 = EDGE_CURVE ( 'NONE', #874, #761, #2785, .T. ) ;
#3007 = DIRECTION ( 'NONE',  ( 0.000000000000000000, 0.000000000000000000, -1.000000000000000000 ) ) ;
#3008 = DIRECTION ( 'NONE',  ( -3.520899023009863541E-15, 1.000000000000000000, 0.000000000000000000 ) ) ;
#3009 = ORIENTED_EDGE ( 'NONE', *, *, #994, .F. ) ;
#3010 = LINE ( 'NONE', #3032, #857 ) ;
#3011 = AXIS2_PLACEMENT_3D ( 'NONE', #2470, #1910, #2185 ) ;
#3012 = CARTESIAN_POINT ( 'NONE',  ( 14.26536952345705167, 12.80003811662868962, -4.264999999999997904 ) ) ;
#3013 = CYLINDRICAL_SURFACE ( 'NONE', #912, 0.7600000000000002309 ) ;
#3014 = CARTESIAN_POINT ( 'NONE',  ( 3.172599999999999199, 0.3048000000000112286, -1.584999999999999964 ) ) ;
#3015 = ORIENTED_EDGE ( 'NONE', *, *, #2912, .F. ) ;
#3016 = LINE ( 'NONE', #1609, #1798 ) ;
#3017 = DIRECTION ( 'NONE',  ( -1.000000000000000000, -3.520899023009858413E-15, 0.000000000000000000 ) ) ;
#3018 = VECTOR ( 'NONE', #197, 1000.000000000000000 ) ;
#3019 = LINE ( 'NONE', #1381, #3156 ) ;
#3020 = EDGE_CURVE ( 'NONE', #215, #1559, #3646, .T. ) ;
#3021 = ORIENTED_EDGE ( 'NONE', *, *, #729, .T. ) ;
#3022 = ORIENTED_EDGE ( 'NONE', *, *, #2205, .T. ) ;
#3023 = CARTESIAN_POINT ( 'NONE',  ( -6.475000000000034284, 9.971464282045239713, -0.07000000000000235201 ) ) ;
#3024 = EDGE_CURVE ( 'NONE', #1173, #853, #522, .T. ) ;
#3025 = DIRECTION ( 'NONE',  ( 3.520899023009863541E-15, -1.000000000000000000, -4.832098818876900487E-16 ) ) ;
#3026 = CARTESIAN_POINT ( 'NONE',  ( -4.447399999999998244, -1.560463620630978222E-14, 4.125000000000004441 ) ) ;
#3027 = VERTEX_POINT ( 'NONE', #3600 ) ;
#3028 = CARTESIAN_POINT ( 'NONE',  ( -4.847399999999999487, -2.910200000000017440, 1.755000000000001226 ) ) ;
#3029 = CARTESIAN_POINT ( 'NONE',  ( 3.172600000000000531, 1.122461434902537102E-14, 1.585000000000000853 ) ) ;
#3030 = EDGE_CURVE ( 'NONE', #2924, #1136, #780, .T. ) ;
#3031 = ORIENTED_EDGE ( 'NONE', *, *, #361, .F. ) ;
#3032 = CARTESIAN_POINT ( 'NONE',  ( 3.054999999999997939, 0.6048000000000106624, -5.285199999999999676 ) ) ;
#3033 = EDGE_CURVE ( 'NONE', #2098, #1862, #2702, .T. ) ;
#3034 = CARTESIAN_POINT ( 'NONE',  ( -6.474999999999999645, -2.274361106536459120E-14, 4.125000000000000888 ) ) ;
#3035 = CARTESIAN_POINT ( 'NONE',  ( 3.054999999999997939, 0.6048000000000106624, -4.985199999999999854 ) ) ;
#3036 = CARTESIAN_POINT ( 'NONE',  ( 5.368553183471112433, 7.668859059608612583, 0.000000000000000000 ) ) ;
#3037 = EDGE_LOOP ( 'NONE', ( #503, #2883, #194, #2081 ) ) ;
#3038 = PLANE ( 'NONE',  #3398 ) ;
#3039 = CARTESIAN_POINT ( 'NONE',  ( 6.162213129807486922, 1.553229595743208957, 4.264999999999999680 ) ) ;
#3040 = AXIS2_PLACEMENT_3D ( 'NONE', #1600, #485, #2737 ) ;
#3041 = EDGE_CURVE ( 'NONE', #64, #3151, #1362, .T. ) ;
#3042 = AXIS2_PLACEMENT_3D ( 'NONE', #1804, #1215, #1546 ) ;
#3043 = ORIENTED_EDGE ( 'NONE', *, *, #3033, .T. ) ;
#3044 = VECTOR ( 'NONE', #3221, 1000.000000000000000 ) ;
#3045 = CARTESIAN_POINT ( 'NONE',  ( 4.907153307524949604, 11.98348502189976905, 3.068345162405923146E-16 ) ) ;
#3046 = CIRCLE ( 'NONE', #2919, 1.115199999999997749 ) ;
#3047 = DIRECTION ( 'NONE',  ( -1.000000000000000000, -3.520899023009863541E-15, 0.000000000000000000 ) ) ;
#3048 = ORIENTED_EDGE ( 'NONE', *, *, #2709, .T. ) ;
#3049 = LINE ( 'NONE', #504, #854 ) ;
#3050 = VECTOR ( 'NONE', #519, 1000.000000000000000 ) ;
#3051 = AXIS2_PLACEMENT_3D ( 'NONE', #2243, #1651, #2262 ) ;
#3052 = AXIS2_PLACEMENT_3D ( 'NONE', #1091, #849, #1985 ) ;
#3053 = ORIENTED_EDGE ( 'NONE', *, *, #1366, .T. ) ;
#3054 = FACE_OUTER_BOUND ( 'NONE', #1277, .T. ) ;
#3055 = CARTESIAN_POINT ( 'NONE',  ( 3.172600002569666788, 0.3047857702954093195, 0.7850000000000004752 ) ) ;
#3056 = CARTESIAN_POINT ( 'NONE',  ( -6.475000000000034284, 9.971464282045239713, -9.319999999999998508 ) ) ;
#3057 = FACE_OUTER_BOUND ( 'NONE', #1230, .T. ) ;
#3058 = CARTESIAN_POINT ( 'NONE',  ( -6.475000000000001421, 0.6047999999999771337, 4.985199999999999854 ) ) ;
#3059 = ORIENTED_EDGE ( 'NONE', *, *, #190, .F. ) ;
#3060 = DIRECTION ( 'NONE',  ( 0.9659258262890709767, -0.2588190451025108030, -3.062235992845702041E-17 ) ) ;
#3061 = DIRECTION ( 'NONE',  ( 1.000000000000000000, 3.520899023009863935E-15, 0.000000000000000000 ) ) ;
#3062 = ORIENTED_EDGE ( 'NONE', *, *, #2053, .T. ) ;
#3063 = SPHERICAL_SURFACE ( 'NONE', #3011, 2.195199999999999818 ) ;
#3064 = ORIENTED_EDGE ( 'NONE', *, *, #1217, .F. ) ;
#3065 = DIRECTION ( 'NONE',  ( 1.463048762361889344E-17, -1.215876089842781365E-16, 1.000000000000000000 ) ) ;
#3066 = DIRECTION ( 'NONE',  ( -1.000000000000000000, -3.469446951953605117E-15, 0.000000000000000000 ) ) ;
#3067 = ORIENTED_EDGE ( 'NONE', *, *, #2537, .T. ) ;
#3068 = CARTESIAN_POINT ( 'NONE',  ( 6.334832190544359420, 2.670000000000022133, 3.300000000000010036 ) ) ;
#3069 = DIRECTION ( 'NONE',  ( 0.000000000000000000, 0.000000000000000000, -1.000000000000000000 ) ) ;
#3070 = APPLICATION_PROTOCOL_DEFINITION ( 'draft international standard', 'automotive_design', 1998, #2454 ) ;
#3071 = CARTESIAN_POINT ( 'NONE',  ( -6.475000000000000533, 0.3047999999999772003, 4.985199999999999854 ) ) ;
#3072 = VERTEX_POINT ( 'NONE', #3632 ) ;
#3073 = DIRECTION ( 'NONE',  ( 5.736519431140227128E-15, 2.019770566057872323E-29, 1.000000000000000000 ) ) ;
#3074 = PLANE ( 'NONE',  #2046 ) ;
#3075 = ADVANCED_FACE ( 'NONE', ( #1099 ), #3360, .T. ) ;
#3076 = EDGE_LOOP ( 'NONE', ( #67, #3145, #1437, #158 ) ) ;
#3077 = DIRECTION ( 'NONE',  ( -1.000000000000000000, -3.523657060577880339E-15, 0.000000000000000000 ) ) ;
#3078 = LINE ( 'NONE', #1061, #348 ) ;
#3079 = EDGE_CURVE ( 'NONE', #1030, #2590, #1222, .T. ) ;
#3080 = CARTESIAN_POINT ( 'NONE',  ( 3.054999999999943316, 16.09672020854138452, 6.589036959162287488 ) ) ;
#3081 = CARTESIAN_POINT ( 'NONE',  ( 2.772600000000000620, -0.09999999999999006906, 0.7850000000000002531 ) ) ;
#3082 = ORIENTED_EDGE ( 'NONE', *, *, #708, .T. ) ;
#3083 = DIRECTION ( 'NONE',  ( -1.000000000000000000, -3.523657060577891777E-15, 0.000000000000000000 ) ) ;
#3084 = CARTESIAN_POINT ( 'NONE',  ( 3.151220061220084911, 1.108596721366428284E-14, -0.7850000000000003642 ) ) ;
#3085 = EDGE_CURVE ( 'NONE', #1838, #1555, #2265, .T. ) ;
#3086 = ORIENTED_EDGE ( 'NONE', *, *, #779, .T. ) ;
#3087 = CARTESIAN_POINT ( 'NONE',  ( 2.772600000000000176, -2.910199999999990350, 2.168404344971008868E-16 ) ) ;
#3088 = PLANE ( 'NONE',  #2987 ) ;
#3089 = ORIENTED_EDGE ( 'NONE', *, *, #1620, .T. ) ;
#3090 = ORIENTED_EDGE ( 'NONE', *, *, #1271, .F. ) ;
#3091 = DIRECTION ( 'NONE',  ( 1.000000000000000000, 0.000000000000000000, -0.000000000000000000 ) ) ;
#3092 = DIRECTION ( 'NONE',  ( 1.000000000000000000, -0.000000000000000000, -0.000000000000000000 ) ) ;
#3093 = ADVANCED_FACE ( 'NONE', ( #2719 ), #184, .T. ) ;
#3094 = EDGE_CURVE ( 'NONE', #2878, #1010, #456, .T. ) ;
#3095 = DIRECTION ( 'NONE',  ( 0.000000000000000000, 0.000000000000000000, 1.000000000000000000 ) ) ;
#3096 = VERTEX_POINT ( 'NONE', #124 ) ;
#3097 = LINE ( 'NONE', #343, #384 ) ;
#3098 = CARTESIAN_POINT ( 'NONE',  ( 1.772600000000000176, 6.295355716811560482E-15, 1.585000000000000853 ) ) ;
#3099 = DIRECTION ( 'NONE',  ( -1.000000000000000000, -3.520899023009863541E-15, 0.000000000000000000 ) ) ;
#3100 = CLOSED_SHELL ( 'NONE', ( #2986, #3146, #1774, #3093, #952, #136, #997, #2652, #72, #1996, #893, #252, #2079, #1299, #2808, #2189, #1489, #1770, #850, #537, #1927, #655, #1447, #465, #1674, #546, #3461, #207, #139, #2063, #630, #2434, #1604, #24, #1379, #70, #613, #1504, #1191, #314, #787, #1272, #2711, #2352, #1324, #1886, #607, #2119, #1881, #2155, #2973, #1109, #1711, #3616, #84, #420, #2271, #1433, #2600, #771, #3569, #3194, #3447, #2315, #1744, #3321, #3423, #1096, #450, #3075, #580, #1866, #1391, #114, #1070, #307, #789, #681, #2641, #2146, #2646, #1640, #604, #2554, #3534, #451, #2004, #2876, #670, #1042, #3525, #2092, #2258, #991, #3614, #3346, #3186, #2329, #3411, #129, #1612, #1994, #895, #2380, #2439, #2634, #837, #3643, #2854, #2142, #902, #3253, #1019, #467, #3395, #1220, #2417, #2371, #1552, #1170, #1479, #2375, #1107, #2363, #2868, #295, #620 ) ) ;
#3101 = ORIENTED_EDGE ( 'NONE', *, *, #1549, .T. ) ;
#3102 = EDGE_CURVE ( 'NONE', #2462, #2945, #649, .T. ) ;
#3103 = LINE ( 'NONE', #3397, #1976 ) ;
#3104 = VECTOR ( 'NONE', #3374, 1000.000000000000000 ) ;
#3105 = VECTOR ( 'NONE', #1567, 1000.000000000000000 ) ;
#3106 = CARTESIAN_POINT ( 'NONE',  ( -6.475000000000060929, 17.15007833656751757, 7.174546478949806350 ) ) ;
#3107 = AXIS2_PLACEMENT_3D ( 'NONE', #2305, #596, #3436 ) ;
#3108 = AXIS2_PLACEMENT_3D ( 'NONE', #2595, #549, #2823 ) ;
#3109 = AXIS2_PLACEMENT_3D ( 'NONE', #528, #1049, #2176 ) ;
#3110 = ORIENTED_EDGE ( 'NONE', *, *, #15, .F. ) ;
#3111 = CARTESIAN_POINT ( 'NONE',  ( -6.475000000000001421, 0.6047999999999772447, -5.589999999999999858 ) ) ;
#3112 = VECTOR ( 'NONE', #119, 1000.000000000000000 ) ;
#3113 = AXIS2_PLACEMENT_3D ( 'NONE', #2648, #657, #2338 ) ;
#3114 = DIRECTION ( 'NONE',  ( -0.9928381723524870583, -0.1194669976176413601, 0.000000000000000000 ) ) ;
#3115 = LINE ( 'NONE', #600, #2753 ) ;
#3116 = ORIENTED_EDGE ( 'NONE', *, *, #3141, .T. ) ;
#3117 = ORIENTED_EDGE ( 'NONE', *, *, #2588, .T. ) ;
#3118 = DIRECTION ( 'NONE',  ( 0.000000000000000000, 1.000000000000000000, 0.000000000000000000 ) ) ;
#3119 = CARTESIAN_POINT ( 'NONE',  ( 5.844933786229046468, 4.190000000000020819, 1.780000000000008908 ) ) ;
#3120 = AXIS2_PLACEMENT_3D ( 'NONE', #955, #3210, #3449 ) ;
#3121 = DIRECTION ( 'NONE',  ( -1.000000000000000000, -3.520899023009863541E-15, 0.000000000000000000 ) ) ;
#3122 = ORIENTED_EDGE ( 'NONE', *, *, #34, .F. ) ;
#3123 = CARTESIAN_POINT ( 'NONE',  ( 3.054999999999961968, 9.971464282045271688, -0.07000000000000235201 ) ) ;
#3124 = FACE_OUTER_BOUND ( 'NONE', #2983, .T. ) ;
#3125 = ORIENTED_EDGE ( 'NONE', *, *, #1697, .T. ) ;
#3126 = CARTESIAN_POINT ( 'NONE',  ( 4.930502719129333578, 11.30930563555090629, 2.245210433504493542E-16 ) ) ;
#3127 = LINE ( 'NONE', #1709, #1264 ) ;
#3128 = ORIENTED_EDGE ( 'NONE', *, *, #936, .F. ) ;
#3129 = EDGE_CURVE ( 'NONE', #2106, #338, #3236, .T. ) ;
#3130 = DIRECTION ( 'NONE',  ( 0.9659258262890711988, -0.2588190451025104699, -3.062235992845698343E-17 ) ) ;
#3131 = CYLINDRICAL_SURFACE ( 'NONE', #281, 9.249999999999996447 ) ;
#3132 = DIRECTION ( 'NONE',  ( 1.000000000000000000, 0.000000000000000000, -0.000000000000000000 ) ) ;
#3133 = ORIENTED_EDGE ( 'NONE', *, *, #2261, .T. ) ;
#3134 = EDGE_LOOP ( 'NONE', ( #2431, #395, #1662, #2044, #3563 ) ) ;
#3135 = DIRECTION ( 'NONE',  ( -1.000000000000000000, -3.520899023009863541E-15, 0.000000000000000000 ) ) ;
#3136 = ORIENTED_EDGE ( 'NONE', *, *, #3593, .T. ) ;
#3137 = CARTESIAN_POINT ( 'NONE',  ( -4.447399997430331986, 0.3047857702953829517, -1.755000000000001004 ) ) ;
#3138 = AXIS2_PLACEMENT_3D ( 'NONE', #3087, #3368, #2835 ) ;
#3139 = VERTEX_POINT ( 'NONE', #2102 ) ;
#3140 = CIRCLE ( 'NONE', #2484, 0.2999999999999999334 ) ;
#3141 = EDGE_CURVE ( 'NONE', #1845, #338, #167, .T. ) ;
#3142 = DIRECTION ( 'NONE',  ( 1.000000000000000000, 3.520899023009863935E-15, 0.000000000000000000 ) ) ;
#3143 = ORIENTED_EDGE ( 'NONE', *, *, #1560, .T. ) ;
#3144 = CARTESIAN_POINT ( 'NONE',  ( -6.475000000000000533, 0.3047999999999772003, -4.985199999999999854 ) ) ;
#3145 = ORIENTED_EDGE ( 'NONE', *, *, #3204, .T. ) ;
#3146 = ADVANCED_FACE ( 'NONE', ( #2356 ), #1270, .T. ) ;
#3147 = VERTEX_POINT ( 'NONE', #380 ) ;
#3148 = EDGE_CURVE ( 'NONE', #1435, #3096, #282, .T. ) ;
#3149 = CARTESIAN_POINT ( 'NONE',  ( 3.177399999999999558, 1.118730455571153769E-14, -0.7850000000000002531 ) ) ;
#3150 = VERTEX_POINT ( 'NONE', #1851 ) ;
#3151 = VERTEX_POINT ( 'NONE', #1818 ) ;
#3152 = CARTESIAN_POINT ( 'NONE',  ( 3.054999999999989946, 2.879312309715298390, 5.521420314136127772 ) ) ;
#3153 = FACE_OUTER_BOUND ( 'NONE', #2068, .T. ) ;
#3154 = VECTOR ( 'NONE', #2774, 1000.000000000000000 ) ;
#3155 = ORIENTED_EDGE ( 'NONE', *, *, #2936, .T. ) ;
#3156 = VECTOR ( 'NONE', #550, 1000.000000000000000 ) ;
#3157 = MECHANICAL_DESIGN_GEOMETRIC_PRESENTATION_REPRESENTATION (  '', ( #2920 ), #2624 ) ;
#3158 = AXIS2_PLACEMENT_3D ( 'NONE', #1543, #1278, #1855 ) ;
#3159 = CIRCLE ( 'NONE', #2040, 0.3999999999999997446 ) ;
#3160 = DIRECTION ( 'NONE',  ( -0.9659258262890710878, 0.2588190451025108030, 3.062235992845702041E-17 ) ) ;
#3161 = ORIENTED_EDGE ( 'NONE', *, *, #3574, .T. ) ;
#3162 = ORIENTED_EDGE ( 'NONE', *, *, #3365, .F. ) ;
#3163 = LINE ( 'NONE', #1184, #917 ) ;
#3164 = AXIS2_PLACEMENT_3D ( 'NONE', #183, #1028, #3007 ) ;
#3165 = CIRCLE ( 'NONE', #2520, 8.945199999999996265 ) ;
#3166 = DIRECTION ( 'NONE',  ( 0.000000000000000000, 0.000000000000000000, -1.000000000000000000 ) ) ;
#3167 = CARTESIAN_POINT ( 'NONE',  ( 3.054999999999997939, 0.6048000000000106624, -5.285199999999999676 ) ) ;
#3168 = DIRECTION ( 'NONE',  ( -2.263190266948215415E-15, 0.6427876096865489108, -0.7660444431189700198 ) ) ;
#3169 = VERTEX_POINT ( 'NONE', #1796 ) ;
#3170 = DIRECTION ( 'NONE',  ( 1.000000000000000000, 3.520899023009863935E-15, 0.000000000000000000 ) ) ;
#3171 = CARTESIAN_POINT ( 'NONE',  ( 3.054999999999943316, 16.09672020854139873, -6.589036959162299922 ) ) ;
#3172 = AXIS2_PLACEMENT_3D ( 'NONE', #1819, #2671, #2925 ) ;
#3173 = ORIENTED_EDGE ( 'NONE', *, *, #319, .F. ) ;
#3174 = FACE_OUTER_BOUND ( 'NONE', #1747, .T. ) ;
#3175 = CARTESIAN_POINT ( 'NONE',  ( 3.054999999999938876, 17.34600000000001074, 6.941056132687144498 ) ) ;
#3176 = EDGE_LOOP ( 'NONE', ( #10, #3189, #2039, #944 ) ) ;
#3177 = EDGE_CURVE ( 'NONE', #104, #1746, #1167, .T. ) ;
#3178 = CARTESIAN_POINT ( 'NONE',  ( 5.054999999999999716, 0.3048000000000192777, -4.264999999999999680 ) ) ;
#3179 = ORIENTED_EDGE ( 'NONE', *, *, #3285, .F. ) ;
#3180 = ORIENTED_EDGE ( 'NONE', *, *, #2769, .F. ) ;
#3181 = CARTESIAN_POINT ( 'NONE',  ( 6.348241047071720544, 9.633322021823394365, 0.000000000000000000 ) ) ;
#3182 = CARTESIAN_POINT ( 'NONE',  ( 6.054999999999943761, 15.00000000000002132, -4.264999999999997904 ) ) ;
#3183 = DIRECTION ( 'NONE',  ( 1.000000000000000000, 3.520899023009863541E-15, 0.000000000000000000 ) ) ;
#3184 = ORIENTED_EDGE ( 'NONE', *, *, #667, .T. ) ;
#3185 = CARTESIAN_POINT ( 'NONE',  ( 2.772600000000000176, -0.09999999999999006906, -0.7850000000000002531 ) ) ;
#3186 = ADVANCED_FACE ( 'NONE', ( #1502 ), #954, .T. ) ;
#3187 = CARTESIAN_POINT ( 'NONE',  ( 3.172599999999999199, 0.3048000000000112286, -1.584999999999999964 ) ) ;
#3188 = EDGE_CURVE ( 'NONE', #3323, #1763, #968, .T. ) ;
#3189 = ORIENTED_EDGE ( 'NONE', *, *, #2828, .F. ) ;
#3190 = CARTESIAN_POINT ( 'NONE',  ( 3.174199999999998134, 0.3048000000000112286, -0.7849999999999983658 ) ) ;
#3191 = EDGE_CURVE ( 'NONE', #1171, #3602, #2028, .T. ) ;
#3192 = ORIENTED_EDGE ( 'NONE', *, *, #385, .F. ) ;
#3193 = DIRECTION ( 'NONE',  ( 0.000000000000000000, 9.376883653928690568E-16, -1.000000000000000000 ) ) ;
#3194 = ADVANCED_FACE ( 'NONE', ( #140 ), #3580, .T. ) ;
#3195 = VERTEX_POINT ( 'NONE', #1330 ) ;
#3196 = CARTESIAN_POINT ( 'NONE',  ( 3.054999999999943316, 16.09672020854139873, -6.589036959162299922 ) ) ;
#3197 = LINE ( 'NONE', #1513, #432 ) ;
#3198 = DIRECTION ( 'NONE',  ( 0.000000000000000000, 0.000000000000000000, 1.000000000000000000 ) ) ;
#3199 = DIRECTION ( 'NONE',  ( -1.000000000000000000, -3.520899023009863541E-15, 0.000000000000000000 ) ) ;
#3200 = CARTESIAN_POINT ( 'NONE',  ( -6.475000000000001421, 0.6047999999999771337, 5.285199999999999676 ) ) ;
#3201 = CARTESIAN_POINT ( 'NONE',  ( -6.475000000000058265, 16.51085905220554295, -7.029799999999999827 ) ) ;
#3202 = VERTEX_POINT ( 'NONE', #1360 ) ;
#3203 = CARTESIAN_POINT ( 'NONE',  ( 3.054999999999994831, 0.6048000000000107734, -5.589999999999999858 ) ) ;
#3204 = EDGE_CURVE ( 'NONE', #1030, #1371, #2507, .T. ) ;
#3205 = EDGE_CURVE ( 'NONE', #2790, #3635, #1153, .T. ) ;
#3206 = VERTEX_POINT ( 'NONE', #1773 ) ;
#3207 = CYLINDRICAL_SURFACE ( 'NONE', #2042, 1.585000000000000187 ) ;
#3208 = CARTESIAN_POINT ( 'NONE',  ( -6.475000000000058265, 16.51085905220554295, 7.029799999999999827 ) ) ;
#3209 = FACE_OUTER_BOUND ( 'NONE', #2847, .T. ) ;
#3210 = DIRECTION ( 'NONE',  ( 1.000000000000000000, 3.520899023009863935E-15, 0.000000000000000000 ) ) ;
#3211 = EDGE_LOOP ( 'NONE', ( #2898, #1224, #2905, #1304 ) ) ;
#3212 = AXIS2_PLACEMENT_3D ( 'NONE', #1492, #429, #2069 ) ;
#3213 = AXIS2_PLACEMENT_3D ( 'NONE', #1967, #2303, #3434 ) ;
#3214 = PLANE ( 'NONE',  #2213 ) ;
#3215 = ORIENTED_EDGE ( 'NONE', *, *, #188, .F. ) ;
#3216 = VECTOR ( 'NONE', #427, 1000.000000000000000 ) ;
#3217 = DIRECTION ( 'NONE',  ( 1.000000000000000000, 3.520899023009863935E-15, 0.000000000000000000 ) ) ;
#3218 = AXIS2_PLACEMENT_3D ( 'NONE', #2295, #846, #2869 ) ;
#3219 = CARTESIAN_POINT ( 'NONE',  ( 3.174199999999999466, 0.3048000000000112286, 0.7850000000000018074 ) ) ;
#3220 = AXIS2_PLACEMENT_3D ( 'NONE', #3035, #1338, #1266 ) ;
#3221 = DIRECTION ( 'NONE',  ( -3.520899023009863541E-15, 1.000000000000000000, 0.000000000000000000 ) ) ;
#3222 = CARTESIAN_POINT ( 'NONE',  ( 3.172600003810556402, 0.3047857703162516474, -0.7850000000000001421 ) ) ;
#3223 = CIRCLE ( 'NONE', #2283, 0.7850000000000001421 ) ;
#3224 = ORIENTED_EDGE ( 'NONE', *, *, #2035, .F. ) ;
#3225 = CARTESIAN_POINT ( 'NONE',  ( -6.475000000000008527, 2.399799999999977285, 5.285199999999998788 ) ) ;
#3226 = CARTESIAN_POINT ( 'NONE',  ( -6.474999999999999645, -2.274361106536459120E-14, 0.9549999999999997380 ) ) ;
#3227 = VECTOR ( 'NONE', #1918, 1000.000000000000000 ) ;
#3228 = VECTOR ( 'NONE', #1250, 1000.000000000000000 ) ;
#3229 = ORIENTED_EDGE ( 'NONE', *, *, #1494, .F. ) ;
#3230 = VERTEX_POINT ( 'NONE', #2583 ) ;
#3231 = CARTESIAN_POINT ( 'NONE',  ( 5.149527951300222561, 9.489082347579758547, 0.000000000000000000 ) ) ;
#3232 = CARTESIAN_POINT ( 'NONE',  ( -4.494798665876327703, -0.01077730963903365986, -3.325000000000000178 ) ) ;
#3233 = CARTESIAN_POINT ( 'NONE',  ( 3.077399999999999913, 1.073170022213406871E-15, 0.7850000000000002531 ) ) ;
#3234 = ORIENTED_EDGE ( 'NONE', *, *, #3030, .F. ) ;
#3235 = DIRECTION ( 'NONE',  ( 0.000000000000000000, 0.000000000000000000, 1.000000000000000000 ) ) ;
#3236 = LINE ( 'NONE', #973, #3296 ) ;
#3237 = EDGE_CURVE ( 'NONE', #1834, #3147, #2302, .T. ) ;
#3238 = EDGE_LOOP ( 'NONE', ( #3268, #365, #1023, #326 ) ) ;
#3239 = DIRECTION ( 'NONE',  ( 3.469446951953613400E-15, -1.000000000000000000, -1.215876089842781611E-16 ) ) ;
#3240 = FACE_OUTER_BOUND ( 'NONE', #843, .T. ) ;
#3241 = EDGE_CURVE ( 'NONE', #1268, #1359, #3433, .T. ) ;
#3242 = DIRECTION ( 'NONE',  ( -0.000000000000000000, 0.000000000000000000, -1.000000000000000000 ) ) ;
#3243 = CARTESIAN_POINT ( 'NONE',  ( 4.900525452419245198, 15.30934052270654355, -4.264999999999997904 ) ) ;
#3244 = ORIENTED_EDGE ( 'NONE', *, *, #3024, .T. ) ;
#3245 = DIRECTION ( 'NONE',  ( 1.000000000000000000, 3.520899023009863541E-15, -0.000000000000000000 ) ) ;
#3246 = CYLINDRICAL_SURFACE ( 'NONE', #3407, 0.1000000000000002554 ) ;
#3247 = EDGE_LOOP ( 'NONE', ( #885, #1251, #2884, #1791 ) ) ;
#3248 = CYLINDRICAL_SURFACE ( 'NONE', #906, 0.2999999999999999334 ) ;
#3249 = VECTOR ( 'NONE', #3551, 1000.000000000000000 ) ;
#3250 = CARTESIAN_POINT ( 'NONE',  ( 3.054999999999941984, 16.51085905220557848, 7.029799999999999827 ) ) ;
#3251 = ORIENTED_EDGE ( 'NONE', *, *, #729, .F. ) ;
#3252 = EDGE_CURVE ( 'NONE', #1010, #90, #1466, .T. ) ;
#3253 = ADVANCED_FACE ( 'NONE', ( #2890 ), #2339, .F. ) ;
#3254 = ORIENTED_EDGE ( 'NONE', *, *, #350, .F. ) ;
#3255 = DIRECTION ( 'NONE',  ( -0.000000000000000000, -0.000000000000000000, 1.000000000000000000 ) ) ;
#3256 = DIRECTION ( 'NONE',  ( 2.697165131359717036E-15, -0.7660444431189700198, 0.6427876096865489108 ) ) ;
#3257 = LINE ( 'NONE', #2364, #3521 ) ;
#3258 = EDGE_CURVE ( 'NONE', #2246, #1194, #1295, .T. ) ;
#3259 = DIRECTION ( 'NONE',  ( -0.000000000000000000, 0.000000000000000000, -1.000000000000000000 ) ) ;
#3260 = EDGE_CURVE ( 'NONE', #1449, #2379, #100, .T. ) ;
#3261 = EDGE_LOOP ( 'NONE', ( #3424, #2131, #848, #773, #3101, #1287, #3184 ) ) ;
#3262 = DIRECTION ( 'NONE',  ( 0.000000000000000000, 0.000000000000000000, -1.000000000000000000 ) ) ;
#3263 = ORIENTED_EDGE ( 'NONE', *, *, #437, .F. ) ;
#3264 = DIRECTION ( 'NONE',  ( 3.520899023009863541E-15, -1.000000000000000000, 4.832098818876900487E-16 ) ) ;
#3265 = DIRECTION ( 'NONE',  ( 0.000000000000000000, 0.000000000000000000, -1.000000000000000000 ) ) ;
#3266 = DIRECTION ( 'NONE',  ( -3.520899023009863541E-15, 1.000000000000000000, -4.832098818876899501E-16 ) ) ;
#3267 = CARTESIAN_POINT ( 'NONE',  ( -4.847399999999999487, -2.910200000000017440, -1.755000000000001004 ) ) ;
#3268 = ORIENTED_EDGE ( 'NONE', *, *, #1606, .T. ) ;
#3269 = DIRECTION ( 'NONE',  ( -3.664908752063682271E-15, 1.000000000000000000, 0.000000000000000000 ) ) ;
#3270 = CARTESIAN_POINT ( 'NONE',  ( -6.475000000000000533, 0.3047999999999772003, -0.9549999999999997380 ) ) ;
#3271 = DIRECTION ( 'NONE',  ( 0.1194669976176407356, -0.9928381723524870583, 0.000000000000000000 ) ) ;
#3272 = ORIENTED_EDGE ( 'NONE', *, *, #2492, .T. ) ;
#3273 = FACE_OUTER_BOUND ( 'NONE', #2012, .T. ) ;
#3274 = DIRECTION ( 'NONE',  ( 1.463048762361889344E-17, -1.215876089842781365E-16, 1.000000000000000000 ) ) ;
#3275 = CARTESIAN_POINT ( 'NONE',  ( -4.447399999999999132, -1.560463620630978538E-14, -4.125000000000000888 ) ) ;
#3276 = CARTESIAN_POINT ( 'NONE',  ( 4.606111260566338572, 15.38822856765378866, -4.264999999999997904 ) ) ;
#3277 = DIRECTION ( 'NONE',  ( -1.000000000000000000, -3.520899023009863541E-15, 0.000000000000000000 ) ) ;
#3278 = FACE_OUTER_BOUND ( 'NONE', #499, .T. ) ;
#3279 = EDGE_LOOP ( 'NONE', ( #2911, #1482, #829, #98, #1309, #2358, #482, #2609, #1282 ) ) ;
#3280 = DIRECTION ( 'NONE',  ( 1.000000000000000000, 3.520899023009863935E-15, 0.000000000000000000 ) ) ;
#3281 = CARTESIAN_POINT ( 'NONE',  ( 3.054999999999989946, 2.879312309715296614, -5.521420314136124219 ) ) ;
#3282 = VECTOR ( 'NONE', #3370, 1000.000000000000000 ) ;
#3283 = AXIS2_PLACEMENT_3D ( 'NONE', #1660, #569, #2236 ) ;
#3284 = ORIENTED_EDGE ( 'NONE', *, *, #2761, .T. ) ;
#3285 = EDGE_CURVE ( 'NONE', #1194, #2607, #946, .T. ) ;
#3286 = ORIENTED_EDGE ( 'NONE', *, *, #3258, .T. ) ;
#3287 = CARTESIAN_POINT ( 'NONE',  ( -6.475000000000001421, 0.6047999999999771337, 5.285199999999999676 ) ) ;
#3288 = AXIS2_PLACEMENT_3D ( 'NONE', #1377, #3300, #2441 ) ;
#3289 = AXIS2_PLACEMENT_3D ( 'NONE', #1089, #320, #3645 ) ;
#3290 = DIRECTION ( 'NONE',  ( 0.000000000000000000, 0.000000000000000000, -1.000000000000000000 ) ) ;
#3291 = ORIENTED_EDGE ( 'NONE', *, *, #3237, .F. ) ;
#3292 = CARTESIAN_POINT ( 'NONE',  ( -6.475000000000001421, 0.6047999999999771337, 5.285199999999999676 ) ) ;
#3293 = CIRCLE ( 'NONE', #2459, 0.4000000000000001887 ) ;
#3294 = ORIENTED_EDGE ( 'NONE', *, *, #34, .T. ) ;
#3295 = FACE_OUTER_BOUND ( 'NONE', #602, .T. ) ;
#3296 = VECTOR ( 'NONE', #1571, 1000.000000000000000 ) ;
#3297 = EDGE_CURVE ( 'NONE', #553, #1677, #1847, .T. ) ;
#3298 = DIRECTION ( 'NONE',  ( 1.000000000000000000, 3.520899023009866302E-15, 0.000000000000000000 ) ) ;
#3299 = ORIENTED_EDGE ( 'NONE', *, *, #824, .F. ) ;
#3300 = DIRECTION ( 'NONE',  ( 1.000000000000000000, 3.520899023009863935E-15, 0.000000000000000000 ) ) ;
#3301 = CARTESIAN_POINT ( 'NONE',  ( -4.655297776095146389, 0.2608192026173064004, -3.325000000000000178 ) ) ;
#3302 = ORIENTED_EDGE ( 'NONE', *, *, #2263, .T. ) ;
#3303 = ORIENTED_EDGE ( 'NONE', *, *, #257, .T. ) ;
#3304 = EDGE_CURVE ( 'NONE', #820, #2682, #394, .T. ) ;
#3305 = CARTESIAN_POINT ( 'NONE',  ( 5.509094223799399614, 9.532348515436963154, 0.000000000000000000 ) ) ;
#3306 = EDGE_CURVE ( 'NONE', #2440, #1545, #1022, .T. ) ;
#3307 = VERTEX_POINT ( 'NONE', #686 ) ;
#3308 = EDGE_CURVE ( 'NONE', #1068, #2443, #701, .T. ) ;
#3309 = CARTESIAN_POINT ( 'NONE',  ( -6.475000000000000533, 0.3047999999999772003, 4.985199999999999854 ) ) ;
#3310 = B_SPLINE_CURVE_WITH_KNOTS ( 'NONE', 3,
 ( #1896, #1080, #502, #1634, #1348, #2204 ),
 .UNSPECIFIED., .F., .F.,
 ( 4, 2, 4 ),
 ( 0.000000000000000000, 0.5000000000000000000, 1.000000000000000000 ),
 .UNSPECIFIED. ) ;
#3311 = CARTESIAN_POINT ( 'NONE',  ( 6.162213129807486922, 1.553229595743210067, -4.264999999999999680 ) ) ;
#3312 = VERTEX_POINT ( 'NONE', #1558 ) ;
#3313 = CARTESIAN_POINT ( 'NONE',  ( 3.172600000000000087, 1.122461434902536944E-14, -1.185000000000000053 ) ) ;
#3314 = AXIS2_PLACEMENT_3D ( 'NONE', #1432, #543, #6 ) ;
#3315 = EDGE_CURVE ( 'NONE', #118, #1141, #1519, .T. ) ;
#3316 = DIRECTION ( 'NONE',  ( -0.000000000000000000, 0.000000000000000000, 1.000000000000000000 ) ) ;
#3317 = AXIS2_PLACEMENT_3D ( 'NONE', #2224, #218, #2202 ) ;
#3318 = EDGE_LOOP ( 'NONE', ( #2840, #693, #2471, #3136 ) ) ;
#3319 = LINE ( 'NONE', #1610, #3638 ) ;
#3320 = VERTEX_POINT ( 'NONE', #1833 ) ;
#3321 = ADVANCED_FACE ( 'NONE', ( #983 ), #156, .T. ) ;
#3322 = ORIENTED_EDGE ( 'NONE', *, *, #29, .F. ) ;
#3323 = VERTEX_POINT ( 'NONE', #3001 ) ;
#3324 = DIRECTION ( 'NONE',  ( 0.000000000000000000, 0.000000000000000000, -1.000000000000000000 ) ) ;
#3325 = LINE ( 'NONE', #2775, #3227 ) ;
#3326 = DIRECTION ( 'NONE',  ( 0.1194669976176407217, -0.9928381723524869473, -1.298127462218448460E-16 ) ) ;
#3327 = ORIENTED_EDGE ( 'NONE', *, *, #1705, .T. ) ;
#3328 = DIRECTION ( 'NONE',  ( -3.520899023009863541E-15, 1.000000000000000000, 0.000000000000000000 ) ) ;
#3329 = CARTESIAN_POINT ( 'NONE',  ( 6.151932457802873344, 4.190000000000021707, 3.300000000000009592 ) ) ;
#3330 = CARTESIAN_POINT ( 'NONE',  ( -6.475000000000058265, 16.51085905220554295, 6.424999999999979394 ) ) ;
#3331 = ORIENTED_EDGE ( 'NONE', *, *, #2218, .F. ) ;
#3332 = CARTESIAN_POINT ( 'NONE',  ( -6.474999999999999645, -2.274361106536459120E-14, 4.125000000000000888 ) ) ;
#3333 = AXIS2_PLACEMENT_3D ( 'NONE', #216, #3595, #237 ) ;
#3334 = VERTEX_POINT ( 'NONE', #2730 ) ;
#3335 = VECTOR ( 'NONE', #2116, 1000.000000000000000 ) ;
#3336 = EDGE_CURVE ( 'NONE', #1336, #761, #2186, .T. ) ;
#3337 = DIRECTION ( 'NONE',  ( 3.944304526105059027E-31, 1.000000000000000000, 0.000000000000000000 ) ) ;
#3338 = VECTOR ( 'NONE', #2958, 1000.000000000000000 ) ;
#3339 = DIRECTION ( 'NONE',  ( -3.520899023009863541E-15, 1.000000000000000000, 4.832098818876900487E-16 ) ) ;
#3340 = VERTEX_POINT ( 'NONE', #2370 ) ;
#3341 = DIRECTION ( 'NONE',  ( 0.000000000000000000, 0.000000000000000000, -1.000000000000000000 ) ) ;
#3342 = VERTEX_POINT ( 'NONE', #3504 ) ;
#3343 = CARTESIAN_POINT ( 'NONE',  ( -4.447400000000000020, 0.3047999999999843612, -4.125000000000000888 ) ) ;
#3344 = AXIS2_PLACEMENT_3D ( 'NONE', #1837, #1541, #2910 ) ;
#3345 = DIRECTION ( 'NONE',  ( -0.9928381723524870583, -0.1194669976176413601, 0.000000000000000000 ) ) ;
#3346 = ADVANCED_FACE ( 'NONE', ( #2947 ), #1536, .F. ) ;
#3347 = PRODUCT_CONTEXT ( 'NONE', #2267, 'mechanical' ) ;
#3348 = CARTESIAN_POINT ( 'NONE',  ( 4.983088560087052699, 9.469054900099136418, 0.000000000000000000 ) ) ;
#3349 = EDGE_CURVE ( 'NONE', #547, #1403, #3495, .T. ) ;
#3350 = ORIENTED_EDGE ( 'NONE', *, *, #3258, .F. ) ;
#3351 = CARTESIAN_POINT ( 'NONE',  ( 3.054999999999991722, 2.399800000000011035, -5.285199999999998788 ) ) ;
#3352 = EDGE_CURVE ( 'NONE', #3169, #3376, #445, .T. ) ;
#3353 = PLANE ( 'NONE',  #2696 ) ;
#3354 = FACE_OUTER_BOUND ( 'NONE', #721, .T. ) ;
#3355 = VERTEX_POINT ( 'NONE', #3045 ) ;
#3356 = CARTESIAN_POINT ( 'NONE',  ( 4.900525452419245198, 15.30934052270654178, 4.265000000000001457 ) ) ;
#3357 = CARTESIAN_POINT ( 'NONE',  ( 3.054999999999997939, 0.6048000000000106624, -5.285199999999999676 ) ) ;
#3358 = EDGE_CURVE ( 'NONE', #3479, #104, #803, .T. ) ;
#3359 = DIRECTION ( 'NONE',  ( -0.9928381723524870583, -0.1194669976176413601, 0.000000000000000000 ) ) ;
#3360 = CYLINDRICAL_SURFACE ( 'NONE', #1635, 1.419999999999997931 ) ;
#3361 = ORIENTED_EDGE ( 'NONE', *, *, #2035, .T. ) ;
#3362 = DIRECTION ( 'NONE',  ( 1.000000000000000000, 3.520899023009863935E-15, 0.000000000000000000 ) ) ;
#3363 = FACE_OUTER_BOUND ( 'NONE', #1162, .T. ) ;
#3364 = CARTESIAN_POINT ( 'NONE',  ( -4.447399997430331098, 0.3047857702953830072, 3.325000000000000622 ) ) ;
#3365 = EDGE_CURVE ( 'NONE', #1526, #874, #858, .T. ) ;
#3366 = ORIENTED_EDGE ( 'NONE', *, *, #2037, .T. ) ;
#3367 = EDGE_CURVE ( 'NONE', #658, #2728, #3610, .T. ) ;
#3368 = DIRECTION ( 'NONE',  ( -1.000000000000000000, -0.000000000000000000, 0.000000000000000000 ) ) ;
#3369 = DIRECTION ( 'NONE',  ( 0.000000000000000000, 0.000000000000000000, -1.000000000000000000 ) ) ;
#3370 = DIRECTION ( 'NONE',  ( 1.000000000000000000, 3.520899023009863935E-15, 0.000000000000000000 ) ) ;
#3371 = ORIENTED_EDGE ( 'NONE', *, *, #1932, .F. ) ;
#3372 = FACE_OUTER_BOUND ( 'NONE', #692, .T. ) ;
#3373 = CYLINDRICAL_SURFACE ( 'NONE', #157, 0.7850000000000001421 ) ;
#3374 = DIRECTION ( 'NONE',  ( 1.000000000000000000, 2.941768416672979712E-17, 0.000000000000000000 ) ) ;
#3375 = EDGE_CURVE ( 'NONE', #1208, #1058, #2784, .T. ) ;
#3376 = VERTEX_POINT ( 'NONE', #1989 ) ;
#3377 = DIRECTION ( 'NONE',  ( 0.000000000000000000, 0.000000000000000000, -1.000000000000000000 ) ) ;
#3378 = CARTESIAN_POINT ( 'NONE',  ( 3.172600000000000087, 1.122461434902536944E-14, -1.584999999999999964 ) ) ;
#3379 = PLANE ( 'NONE',  #162 ) ;
#3380 = FACE_OUTER_BOUND ( 'NONE', #2342, .T. ) ;
#3381 = ORIENTED_EDGE ( 'NONE', *, *, #2103, .F. ) ;
#3382 = CARTESIAN_POINT ( 'NONE',  ( 3.054999999999938876, 16.51085905220557848, 7.029799999999999827 ) ) ;
#3383 = DIRECTION ( 'NONE',  ( -1.000000000000000000, -3.520899023009866302E-15, 0.000000000000000000 ) ) ;
#3384 = CARTESIAN_POINT ( 'NONE',  ( -6.475000000000001421, 0.6047999999999772447, -5.589999999999999858 ) ) ;
#3385 = ORIENTED_EDGE ( 'NONE', *, *, #29, .T. ) ;
#3386 =( NAMED_UNIT ( * ) PLANE_ANGLE_UNIT ( ) SI_UNIT ( $, .RADIAN. ) );
#3387 = DIRECTION ( 'NONE',  ( -3.520899023009863541E-15, 1.000000000000000000, -4.832098818876900487E-16 ) ) ;
#3388 = CARTESIAN_POINT ( 'NONE',  ( 4.001405656411136214, 11.95377976191317870, 1.711107658937008292E-15 ) ) ;
#3389 = VERTEX_POINT ( 'NONE', #3098 ) ;
#3390 = ORIENTED_EDGE ( 'NONE', *, *, #1223, .T. ) ;
#3391 = DIRECTION ( 'NONE',  ( 0.000000000000000000, 1.000000000000000000, 0.000000000000000000 ) ) ;
#3392 = CARTESIAN_POINT ( 'NONE',  ( -4.442599999999998772, -0.1000000000000150352, 1.755000000000001004 ) ) ;
#3393 = VERTEX_POINT ( 'NONE', #3628 ) ;
#3394 = PLANE ( 'NONE',  #2452 ) ;
#3395 = ADVANCED_FACE ( 'NONE', ( #3124 ), #1385, .F. ) ;
#3396 = ORIENTED_EDGE ( 'NONE', *, *, #1721, .T. ) ;
#3397 = CARTESIAN_POINT ( 'NONE',  ( -6.475000000000060929, 17.34599999999997522, 6.941056132687144498 ) ) ;
#3398 = AXIS2_PLACEMENT_3D ( 'NONE', #1340, #2480, #1931 ) ;
#3399 = AXIS2_PLACEMENT_3D ( 'NONE', #3178, #637, #2326 ) ;
#3400 = CARTESIAN_POINT ( 'NONE',  ( -4.447399999999998244, -1.560463620630978222E-14, 3.725000000000003197 ) ) ;
#3401 = AXIS2_PLACEMENT_3D ( 'NONE', #3200, #389, #1750 ) ;
#3402 = AXIS2_PLACEMENT_3D ( 'NONE', #1406, #3121, #3095 ) ;
#3403 = VECTOR ( 'NONE', #1384, 1000.000000000000000 ) ;
#3404 = EDGE_LOOP ( 'NONE', ( #1090, #3215, #523, #2541 ) ) ;
#3405 = CARTESIAN_POINT ( 'NONE',  ( 3.172600000000000087, 1.122461434902536944E-14, -1.584999999999999964 ) ) ;
#3406 = VECTOR ( 'NONE', #556, 1000.000000000000000 ) ;
#3407 = AXIS2_PLACEMENT_3D ( 'NONE', #2074, #99, #1225 ) ;
#3408 = AXIS2_PLACEMENT_3D ( 'NONE', #579, #312, #1116 ) ;
#3409 = DIRECTION ( 'NONE',  ( -1.000000000000000000, -3.520899023009863541E-15, 0.000000000000000000 ) ) ;
#3410 = DIRECTION ( 'NONE',  ( -0.000000000000000000, 1.000000000000000000, -0.000000000000000000 ) ) ;
#3411 = ADVANCED_FACE ( 'NONE', ( #835 ), #1669, .F. ) ;
#3412 = ORIENTED_EDGE ( 'NONE', *, *, #3033, .F. ) ;
#3413 = CIRCLE ( 'NONE', #1800, 0.5000000000000004441 ) ;
#3414 = DIRECTION ( 'NONE',  ( 1.000000000000000000, -3.944304526105059027E-31, -0.000000000000000000 ) ) ;
#3415 = AXIS2_PLACEMENT_3D ( 'NONE', #2734, #3611, #3290 ) ;
#3416 = EDGE_CURVE ( 'NONE', #293, #494, #2227, .T. ) ;
#3417 = ORIENTED_EDGE ( 'NONE', *, *, #3511, .T. ) ;
#3418 = CARTESIAN_POINT ( 'NONE',  ( -6.474999999999999645, -2.268940095674031598E-14, 4.264999999999999680 ) ) ;
#3419 = EDGE_LOOP ( 'NONE', ( #259, #711, #2290, #643 ) ) ;
#3420 = ORIENTED_EDGE ( 'NONE', *, *, #3041, .F. ) ;
#3421 = EDGE_CURVE ( 'NONE', #1392, #1328, #3078, .T. ) ;
#3422 = DIRECTION ( 'NONE',  ( 1.000000000000000000, 3.520899023009863935E-15, 0.000000000000000000 ) ) ;
#3423 = ADVANCED_FACE ( 'NONE', ( #1347 ), #2488, .F. ) ;
#3424 = ORIENTED_EDGE ( 'NONE', *, *, #1229, .F. ) ;
#3425 =( LENGTH_UNIT ( ) NAMED_UNIT ( * ) SI_UNIT ( .MILLI., .METRE. ) );
#3426 = DIRECTION ( 'NONE',  ( 1.000000000000000000, 3.520899023009863935E-15, 0.000000000000000000 ) ) ;
#3427 = ORIENTED_EDGE ( 'NONE', *, *, #1705, .F. ) ;
#3428 = ORIENTED_EDGE ( 'NONE', *, *, #1932, .T. ) ;
#3429 = FACE_OUTER_BOUND ( 'NONE', #1941, .T. ) ;
#3430 = CARTESIAN_POINT ( 'NONE',  ( 3.054999999999945093, 16.70369533511156845, 6.799986667064274570 ) ) ;
#3431 = ORIENTED_EDGE ( 'NONE', *, *, #3352, .F. ) ;
#3432 = DIRECTION ( 'NONE',  ( 2.697165131359716641E-15, -0.7660444431189700198, -0.6427876096865489108 ) ) ;
#3433 = LINE ( 'NONE', #1172, #1105 ) ;
#3434 = DIRECTION ( 'NONE',  ( 0.000000000000000000, 0.000000000000000000, -1.000000000000000000 ) ) ;
#3435 = EDGE_LOOP ( 'NONE', ( #164, #2619, #1771, #291 ) ) ;
#3436 = DIRECTION ( 'NONE',  ( 0.000000000000000000, 1.687839057707164342E-15, -1.000000000000000000 ) ) ;
#3437 = EDGE_CURVE ( 'NONE', #3355, #2817, #2584, .T. ) ;
#3438 = CARTESIAN_POINT ( 'NONE',  ( 3.125201334123671071, -0.01077730963900766503, -0.7850000000000001421 ) ) ;
#3439 = ORIENTED_EDGE ( 'NONE', *, *, #3285, .T. ) ;
#3440 = CARTESIAN_POINT ( 'NONE',  ( -4.655297776095146389, 0.2608192026173064004, 1.755000000000000782 ) ) ;
#3441 = ORIENTED_EDGE ( 'NONE', *, *, #2692, .T. ) ;
#3442 = VERTEX_POINT ( 'NONE', #2528 ) ;
#3443 = ORIENTED_EDGE ( 'NONE', *, *, #741, .F. ) ;
#3444 = PLANE ( 'NONE',  #862 ) ;
#3445 = ORIENTED_EDGE ( 'NONE', *, *, #241, .T. ) ;
#3446 = CARTESIAN_POINT ( 'NONE',  ( 3.054999999999997939, 0.6048000000000106624, -4.985199999999999854 ) ) ;
#3447 = ADVANCED_FACE ( 'NONE', ( #819 ), #3379, .F. ) ;
#3448 = FACE_OUTER_BOUND ( 'NONE', #2740, .T. ) ;
#3449 = DIRECTION ( 'NONE',  ( 0.000000000000000000, 0.000000000000000000, -1.000000000000000000 ) ) ;
#3450 = VERTEX_POINT ( 'NONE', #1951 ) ;
#3451 = VECTOR ( 'NONE', #1769, 1000.000000000000000 ) ;
#3452 = CIRCLE ( 'NONE', #1790, 0.4000000000000010214 ) ;
#3453 = CARTESIAN_POINT ( 'NONE',  ( -6.475000000000009415, 2.637653328231766015, -5.707172774869109233 ) ) ;
#3454 = ORIENTED_EDGE ( 'NONE', *, *, #2767, .F. ) ;
#3455 = ORIENTED_EDGE ( 'NONE', *, *, #1802, .T. ) ;
#3456 = PLANE ( 'NONE',  #39 ) ;
#3457 = CARTESIAN_POINT ( 'NONE',  ( -6.475000000000059153, 16.70369533511151872, -6.799986667064291446 ) ) ;
#3458 = AXIS2_PLACEMENT_3D ( 'NONE', #1414, #822, #1955 ) ;
#3459 = EDGE_CURVE ( 'NONE', #2787, #1526, #97, .T. ) ;
#3460 = DIRECTION ( 'NONE',  ( -1.000000000000000000, -2.941768416672979712E-17, -0.000000000000000000 ) ) ;
#3461 = ADVANCED_FACE ( 'NONE', ( #521 ), #1197, .T. ) ;
#3462 = DIRECTION ( 'NONE',  ( -1.000000000000000000, -3.520899023009863541E-15, 0.000000000000000000 ) ) ;
#3463 = EDGE_CURVE ( 'NONE', #1848, #1845, #1361, .T. ) ;
#3464 = VECTOR ( 'NONE', #812, 1000.000000000000000 ) ;
#3465 = VERTEX_POINT ( 'NONE', #3080 ) ;
#3466 = CARTESIAN_POINT ( 'NONE',  ( -6.475000000000034284, 9.971464282045239713, 0.07000000000000235201 ) ) ;
#3467 = DIRECTION ( 'NONE',  ( 1.000000000000000000, 3.520899023009863541E-15, 0.000000000000000000 ) ) ;
#3468 = VECTOR ( 'NONE', #3509, 1000.000000000000000 ) ;
#3469 = ORIENTED_EDGE ( 'NONE', *, *, #1563, .T. ) ;
#3470 = DIRECTION ( 'NONE',  ( 1.000000000000000000, 3.520899023009863541E-15, 0.000000000000000000 ) ) ;
#3471 = AXIS2_PLACEMENT_3D ( 'NONE', #1799, #3533, #3513 ) ;
#3472 = EDGE_CURVE ( 'NONE', #1486, #302, #625, .T. ) ;
#3473 = CARTESIAN_POINT ( 'NONE',  ( 6.054999999999943761, 15.00000000000001954, 4.265000000000001457 ) ) ;
#3474 = CARTESIAN_POINT ( 'NONE',  ( -6.475000000000000533, 0.3047999999999772003, 4.985199999999999854 ) ) ;
#3475 = ORIENTED_EDGE ( 'NONE', *, *, #469, .T. ) ;
#3476 = EDGE_CURVE ( 'NONE', #352, #64, #925, .T. ) ;
#3477 = EDGE_CURVE ( 'NONE', #3195, #1208, #1146, .T. ) ;
#3478 = CARTESIAN_POINT ( 'NONE',  ( -6.475000000000010303, 2.879312309715264639, 5.521420314136127772 ) ) ;
#3479 = VERTEX_POINT ( 'NONE', #192 ) ;
#3480 = DIRECTION ( 'NONE',  ( -0.9659258262890710878, 0.2588190451025104144, 3.062235992845696494E-17 ) ) ;
#3481 = DIRECTION ( 'NONE',  ( 0.000000000000000000, 0.000000000000000000, 1.000000000000000000 ) ) ;
#3482 = LINE ( 'NONE', #94, #446 ) ;
#3483 = CARTESIAN_POINT ( 'NONE',  ( 3.177399999999998670, 0.3048000000000112286, 0.7850000000000002531 ) ) ;
#3484 = CARTESIAN_POINT ( 'NONE',  ( 3.054999999999997939, 0.6048000000000106624, 5.285199999999999676 ) ) ;
#3485 = CARTESIAN_POINT ( 'NONE',  ( -4.447399997430331098, 0.3047857702953830072, 3.325000000000000622 ) ) ;
#3486 = ORIENTED_EDGE ( 'NONE', *, *, #1537, .F. ) ;
#3487 = PLANE ( 'NONE',  #618 ) ;
#3488 = AXIS2_PLACEMENT_3D ( 'NONE', #813, #1659, #266 ) ;
#3489 = VERTEX_POINT ( 'NONE', #2110 ) ;
#3490 = CARTESIAN_POINT ( 'NONE',  ( -4.447399999999999132, -1.560463620630978538E-14, -3.324999999999999734 ) ) ;
#3491 = VECTOR ( 'NONE', #823, 1000.000000000000000 ) ;
#3492 = CARTESIAN_POINT ( 'NONE',  ( 5.130694534828211140, 17.34600000000001785, 2.349092042500446992E-15 ) ) ;
#3493 = CARTESIAN_POINT ( 'NONE',  ( -4.446201815651361855, -8.631133790887689900E-05, -3.325000000000000178 ) ) ;
#3494 = CARTESIAN_POINT ( 'NONE',  ( -6.475000000000060929, 17.34599999999997522, 6.941056132687144498 ) ) ;
#3495 = CIRCLE ( 'NONE', #3317, 0.6048000000000007814 ) ;
#3496 = ORIENTED_EDGE ( 'NONE', *, *, #1602, .T. ) ;
#3497 = ORIENTED_EDGE ( 'NONE', *, *, #1229, .T. ) ;
#3498 = DIRECTION ( 'NONE',  ( 1.000000000000000000, 2.941768416672979096E-17, 1.205564220626218677E-31 ) ) ;
#3499 = LINE ( 'NONE', #2084, #1924 ) ;
#3500 = CARTESIAN_POINT ( 'NONE',  ( -6.475000000000001421, 0.6047999999999771337, -5.285199999999999676 ) ) ;
#3501 = LINE ( 'NONE', #3243, #1443 ) ;
#3502 = VERTEX_POINT ( 'NONE', #999 ) ;
#3503 = DIRECTION ( 'NONE',  ( 3.944304526105059027E-31, 1.000000000000000000, 0.000000000000000000 ) ) ;
#3504 = CARTESIAN_POINT ( 'NONE',  ( 3.077399999999999913, -0.09999999999998865352, -0.7850000000000002531 ) ) ;
#3505 = B_SPLINE_CURVE_WITH_KNOTS ( 'NONE', 3,
 ( #2393, #2949, #161, #448 ),
 .UNSPECIFIED., .F., .F.,
 ( 4, 4 ),
 ( 0.000000000000000000, 1.000000000000000000 ),
 .UNSPECIFIED. ) ;
#3506 = VERTEX_POINT ( 'NONE', #3474 ) ;
#3507 = LINE ( 'NONE', #1597, #2278 ) ;
#3508 = EDGE_CURVE ( 'NONE', #645, #1392, #1387, .T. ) ;
#3509 = DIRECTION ( 'NONE',  ( -1.000000000000000000, -3.520899023009863541E-15, 0.000000000000000000 ) ) ;
#3510 = EDGE_LOOP ( 'NONE', ( #137, #346, #896, #847 ) ) ;
#3511 = EDGE_CURVE ( 'NONE', #2924, #3206, #634, .T. ) ;
#3512 = AXIS2_PLACEMENT_3D ( 'NONE', #2, #582, #839 ) ;
#3513 = DIRECTION ( 'NONE',  ( -0.1194669976176413323, 0.9928381723524868363, 0.000000000000000000 ) ) ;
#3514 = ORIENTED_EDGE ( 'NONE', *, *, #1253, .F. ) ;
#3515 = AXIS2_PLACEMENT_3D ( 'NONE', #539, #3341, #3066 ) ;
#3516 = DIRECTION ( 'NONE',  ( 1.000000000000000000, 3.520899023009863541E-15, 0.000000000000000000 ) ) ;
#3517 = DIRECTION ( 'NONE',  ( 1.000000000000000000, 3.520899023009863541E-15, 0.000000000000000000 ) ) ;
#3518 = CARTESIAN_POINT ( 'NONE',  ( -6.475000000000001421, 0.6047999999999771337, 4.985199999999999854 ) ) ;
#3519 = CARTESIAN_POINT ( 'NONE',  ( -6.475000000000060929, 17.34599999999997522, -6.941056132687144498 ) ) ;
#3520 = DIRECTION ( 'NONE',  ( -3.520899023009863541E-15, 1.000000000000000000, 0.000000000000000000 ) ) ;
#3521 = VECTOR ( 'NONE', #373, 1000.000000000000000 ) ;
#3522 = ORIENTED_EDGE ( 'NONE', *, *, #2250, .F. ) ;
#3523 = VECTOR ( 'NONE', #3422, 1000.000000000000000 ) ;
#3524 = CIRCLE ( 'NONE', #1680, 0.7850000000000001421 ) ;
#3525 = ADVANCED_FACE ( 'NONE', ( #707 ), #1779, .F. ) ;
#3526 = EDGE_LOOP ( 'NONE', ( #484, #2073, #3021, #870 ) ) ;
#3527 = LINE ( 'NONE', #2733, #213 ) ;
#3528 = CARTESIAN_POINT ( 'NONE',  ( 6.027833518970531657, 2.670000000000021245, 3.300000000000009148 ) ) ;
#3529 = DIRECTION ( 'NONE',  ( 0.000000000000000000, 0.000000000000000000, 1.000000000000000000 ) ) ;
#3530 = VECTOR ( 'NONE', #536, 1000.000000000000000 ) ;
#3531 = ORIENTED_EDGE ( 'NONE', *, *, #1880, .F. ) ;
#3532 = EDGE_CURVE ( 'NONE', #1048, #3320, #1503, .T. ) ;
#3533 = DIRECTION ( 'NONE',  ( -0.000000000000000000, 0.000000000000000000, -1.000000000000000000 ) ) ;
#3534 = ADVANCED_FACE ( 'NONE', ( #1485 ), #103, .F. ) ;
#3535 = ORIENTED_EDGE ( 'NONE', *, *, #3634, .F. ) ;
#3536 = CYLINDRICAL_SURFACE ( 'NONE', #2862, 0.7850000000000001421 ) ;
#3537 = DIRECTION ( 'NONE',  ( -1.000000000000000000, -3.520899023009863541E-15, 0.000000000000000000 ) ) ;
#3538 = PLANE ( 'NONE',  #2151 ) ;
#3539 = DIRECTION ( 'NONE',  ( 1.000000000000000000, 3.523657060577880339E-15, 0.000000000000000000 ) ) ;
#3540 = ORIENTED_EDGE ( 'NONE', *, *, #1758, .T. ) ;
#3541 = DIRECTION ( 'NONE',  ( 2.697165131359717036E-15, -0.7660444431189700198, 0.6427876096865489108 ) ) ;
#3542 = CARTESIAN_POINT ( 'NONE',  ( -6.475000000000034284, 9.971464282045239713, 0.07000000000000235201 ) ) ;
#3543 = ORIENTED_EDGE ( 'NONE', *, *, #2052, .T. ) ;
#3544 = CARTESIAN_POINT ( 'NONE',  ( 2.772600000000000176, -2.910199999999990350, 0.7850000000000002531 ) ) ;
#3545 = DIRECTION ( 'NONE',  ( -0.9928381723524870583, -0.1194669976176413601, 0.000000000000000000 ) ) ;
#3546 = CARTESIAN_POINT ( 'NONE',  ( 5.206477148866360594, 9.495934974563105868, 7.067411517514825624E-18 ) ) ;
#3547 = ORIENTED_EDGE ( 'NONE', *, *, #3237, .T. ) ;
#3548 = CARTESIAN_POINT ( 'NONE',  ( 6.162213129807487810, 1.553229595743210067, -4.264999999999999680 ) ) ;
#3549 = ORIENTED_EDGE ( 'NONE', *, *, #1275, .T. ) ;
#3550 = LINE ( 'NONE', #1015, #669 ) ;
#3551 = DIRECTION ( 'NONE',  ( -3.520899023009863541E-15, 1.000000000000000000, 0.000000000000000000 ) ) ;
#3552 = EDGE_CURVE ( 'NONE', #1081, #1328, #2616, .T. ) ;
#3553 = PLANE ( 'NONE',  #2215 ) ;
#3554 = ORIENTED_EDGE ( 'NONE', *, *, #833, .F. ) ;
#3555 = LINE ( 'NONE', #3039, #1093 ) ;
#3556 = DIRECTION ( 'NONE',  ( -1.508572219618857961E-14, 1.000000000000000000, 0.000000000000000000 ) ) ;
#3557 = ORIENTED_EDGE ( 'NONE', *, *, #754, .T. ) ;
#3558 = PLANE ( 'NONE',  #2340 ) ;
#3559 = CARTESIAN_POINT ( 'NONE',  ( -6.475000000000001421, 0.6047999999999771337, 4.985199999999999854 ) ) ;
#3560 = ORIENTED_EDGE ( 'NONE', *, *, #2887, .F. ) ;
#3561 = DIRECTION ( 'NONE',  ( -3.520899023009863541E-15, 1.000000000000000000, 0.000000000000000000 ) ) ;
#3562 =( BOUNDED_CURVE ( )  B_SPLINE_CURVE ( 3, ( #831, #249, #1112, #3119 ),
 .UNSPECIFIED., .F., .T. ) 
 B_SPLINE_CURVE_WITH_KNOTS ( ( 4, 4 ),
 ( 4.712388980384689674, 7.853981633974482790 ),
 .UNSPECIFIED. ) 
 CURVE ( )  GEOMETRIC_REPRESENTATION_ITEM ( )  RATIONAL_B_SPLINE_CURVE ( ( 1.000000000000000000, 0.3333333333333333703, 0.3333333333333333703, 1.000000000000000000 ) ) 
 REPRESENTATION_ITEM ( '' )  );
#3563 = ORIENTED_EDGE ( 'NONE', *, *, #1487, .F. ) ;
#3564 = CARTESIAN_POINT ( 'NONE',  ( 3.054999999999997939, 0.6048000000000106624, 4.985199999999999854 ) ) ;
#3565 = CARTESIAN_POINT ( 'NONE',  ( 3.054999999999994831, 0.6048000000000107734, 5.589999999999999858 ) ) ;
#3566 = DIRECTION ( 'NONE',  ( -3.520899023009863541E-15, 1.000000000000000000, 0.000000000000000000 ) ) ;
#3567 = DIRECTION ( 'NONE',  ( -1.000000000000000000, -3.520899023009863541E-15, 0.000000000000000000 ) ) ;
#3568 = EDGE_LOOP ( 'NONE', ( #2313, #3143, #3286, #744, #2056, #3254 ) ) ;
#3569 = ADVANCED_FACE ( 'NONE', ( #2322 ), #664, .F. ) ;
#3570 = CARTESIAN_POINT ( 'NONE',  ( -4.447399996189443705, 0.3047857703162251686, 1.755000000000002558 ) ) ;
#3571 = VECTOR ( 'NONE', #483, 1000.000000000000227 ) ;
#3572 = AXIS2_PLACEMENT_3D ( 'NONE', #3201, #1829, #680 ) ;
#3573 = VECTOR ( 'NONE', #3462, 1000.000000000000000 ) ;
#3574 = EDGE_CURVE ( 'NONE', #3609, #3647, #3293, .T. ) ;
#3575 = CIRCLE ( 'NONE', #2096, 0.4000000000000010214 ) ;
#3576 = AXIS2_PLACEMENT_3D ( 'NONE', #1628, #3567, #1285 ) ;
#3577 = ORIENTED_EDGE ( 'NONE', *, *, #1271, .T. ) ;
#3578 = VECTOR ( 'NONE', #1453, 1000.000000000000000 ) ;
#3579 = VECTOR ( 'NONE', #444, 1000.000000000000000 ) ;
#3580 = CYLINDRICAL_SURFACE ( 'NONE', #627, 0.6048000000000000043 ) ;
#3581 = VECTOR ( 'NONE', #2841, 1000.000000000000000 ) ;
#3582 = CARTESIAN_POINT ( 'NONE',  ( -4.447399999999999132, -1.560463620630978538E-14, -3.725000000000000533 ) ) ;
#3583 = ORIENTED_EDGE ( 'NONE', *, *, #78, .T. ) ;
#3584 = CARTESIAN_POINT ( 'NONE',  ( -6.475000000000058265, 16.51085905220554295, 7.029799999999999827 ) ) ;
#3585 = EDGE_CURVE ( 'NONE', #1435, #2201, #2049, .T. ) ;
#3586 = DIRECTION ( 'NONE',  ( -1.000000000000000000, -3.522802011545960303E-15, 0.000000000000000000 ) ) ;
#3587 = ORIENTED_EDGE ( 'NONE', *, *, #2914, .F. ) ;
#3588 = CARTESIAN_POINT ( 'NONE',  ( -4.447399996189443705, 0.3047857703162251686, -3.324999999999999734 ) ) ;
#3589 = VECTOR ( 'NONE', #2950, 1000.000000000000000 ) ;
#3590 = LINE ( 'NONE', #3618, #1343 ) ;
#3591 = EDGE_CURVE ( 'NONE', #3620, #2405, #2399, .T. ) ;
#3592 = DIRECTION ( 'NONE',  ( -0.000000000000000000, 0.000000000000000000, -1.000000000000000000 ) ) ;
#3593 = EDGE_CURVE ( 'NONE', #2379, #159, #750, .T. ) ;
#3594 = ORIENTED_EDGE ( 'NONE', *, *, #2203, .F. ) ;
#3595 = DIRECTION ( 'NONE',  ( 0.000000000000000000, 0.000000000000000000, -1.000000000000000000 ) ) ;
#3596 = LINE ( 'NONE', #763, #2159 ) ;
#3597 = ORIENTED_EDGE ( 'NONE', *, *, #3191, .F. ) ;
#3598 = ORIENTED_EDGE ( 'NONE', *, *, #1390, .F. ) ;
#3599 = DIRECTION ( 'NONE',  ( -1.000000000000000000, -3.520899023009863541E-15, -1.205564220626218458E-31 ) ) ;
#3600 = CARTESIAN_POINT ( 'NONE',  ( -4.847399999999999487, -2.910200000000017440, 3.324999999999999734 ) ) ;
#3601 = ORIENTED_EDGE ( 'NONE', *, *, #2904, .T. ) ;
#3602 = VERTEX_POINT ( 'NONE', #2456 ) ;
#3603 = CARTESIAN_POINT ( 'NONE',  ( 6.162213129807486922, 1.553229595743210067, -4.264999999999999680 ) ) ;
#3604 = ORIENTED_EDGE ( 'NONE', *, *, #1717, .F. ) ;
#3605 = CARTESIAN_POINT ( 'NONE',  ( -4.447399999999999132, 0.3047999999999843612, 4.125000000000004441 ) ) ;
#3606 = FACE_OUTER_BOUND ( 'NONE', #2231, .T. ) ;
#3607 = ORIENTED_EDGE ( 'NONE', *, *, #3030, .T. ) ;
#3608 = DIRECTION ( 'NONE',  ( 1.000000000000000000, 3.520899023009863935E-15, 0.000000000000000000 ) ) ;
#3609 = VERTEX_POINT ( 'NONE', #3588 ) ;
#3610 = LINE ( 'NONE', #3378, #3581 ) ;
#3611 = DIRECTION ( 'NONE',  ( 1.000000000000000000, 3.520899023009863935E-15, 0.000000000000000000 ) ) ;
#3612 = EDGE_LOOP ( 'NONE', ( #3263, #248, #2135, #2636 ) ) ;
#3613 = DIRECTION ( 'NONE',  ( -2.697165131359717036E-15, 0.7660444431189700198, 0.6427876096865489108 ) ) ;
#3614 = ADVANCED_FACE ( 'NONE', ( #2175 ), #231, .F. ) ;
#3615 = CARTESIAN_POINT ( 'NONE',  ( -4.447400000000000020, 0.3047999999999843612, -0.9550000000000000711 ) ) ;
#3616 = ADVANCED_FACE ( 'NONE', ( #3054 ), #1642, .F. ) ;
#3617 = ORIENTED_EDGE ( 'NONE', *, *, #345, .T. ) ;
#3618 = CARTESIAN_POINT ( 'NONE',  ( -6.475000000000060929, 17.15007833656751757, -7.174546478949806350 ) ) ;
#3619 = CARTESIAN_POINT ( 'NONE',  ( -4.847399999999999487, -1.594879230343434751E-14, -3.325000000000000178 ) ) ;
#3620 = VERTEX_POINT ( 'NONE', #2275 ) ;
#3621 = LINE ( 'NONE', #762, #977 ) ;
#3622 = CARTESIAN_POINT ( 'NONE',  ( -4.847399999999999487, -2.910200000000017440, 2.539999999999999591 ) ) ;
#3623 = EDGE_CURVE ( 'NONE', #658, #1449, #827, .T. ) ;
#3624 = VECTOR ( 'NONE', #1839, 1000.000000000000000 ) ;
#3625 = CARTESIAN_POINT ( 'NONE',  ( -4.847399999999999487, -2.910200000000016995, -1.755000000000001004 ) ) ;
#3626 = ORIENTED_EDGE ( 'NONE', *, *, #2962, .T. ) ;
#3627 = AXIS2_PLACEMENT_3D ( 'NONE', #1198, #2596, #2944 ) ;
#3628 = CARTESIAN_POINT ( 'NONE',  ( 3.177399999999998670, 0.3048000000000112286, 0.7850000000000002531 ) ) ;
#3629 = FACE_OUTER_BOUND ( 'NONE', #2574, .T. ) ;
#3630 = EDGE_CURVE ( 'NONE', #761, #3169, #1163, .T. ) ;
#3631 = AXIS2_PLACEMENT_3D ( 'NONE', #48, #2837, #1745 ) ;
#3632 = CARTESIAN_POINT ( 'NONE',  ( 3.054999999999945093, 16.70369533511156845, -6.799986667064274570 ) ) ;
#3633 = EDGE_CURVE ( 'NONE', #3002, #3620, #1998, .T. ) ;
#3634 = EDGE_CURVE ( 'NONE', #874, #2346, #1658, .T. ) ;
#3635 = VERTEX_POINT ( 'NONE', #2498 ) ;
#3636 = DIRECTION ( 'NONE',  ( 0.000000000000000000, 0.000000000000000000, -1.000000000000000000 ) ) ;
#3637 = CIRCLE ( 'NONE', #1320, 1.585000000000000187 ) ;
#3638 = VECTOR ( 'NONE', #3541, 999.9999999999998863 ) ;
#3639 = DIRECTION ( 'NONE',  ( -0.9928381723524870583, -0.1194669976176407356, -1.413482303502968823E-17 ) ) ;
#3640 = CARTESIAN_POINT ( 'NONE',  ( -4.442599999999999660, 0.3047999999999851939, 3.324999999999999734 ) ) ;
#3641 = CIRCLE ( 'NONE', #2458, 8.945199999999996265 ) ;
#3642 = ORIENTED_EDGE ( 'NONE', *, *, #2821, .T. ) ;
#3643 = ADVANCED_FACE ( 'NONE', ( #264 ), #1087, .T. ) ;
#3644 = AXIS2_PLACEMENT_3D ( 'NONE', #1314, #3328, #1626 ) ;
#3645 = DIRECTION ( 'NONE',  ( 1.000000000000000000, 3.469446951953613400E-15, 0.000000000000000000 ) ) ;
#3646 = CIRCLE ( 'NONE', #571, 2.505493963273513369 ) ;
#3647 = VERTEX_POINT ( 'NONE', #3343 ) ;
#3648 = CARTESIAN_POINT ( 'NONE',  ( 3.172599999999999643, 0.3048000000000112286, 1.585000000000000853 ) ) ;
#3649 = EDGE_LOOP ( 'NONE', ( #2465, #2503, #2066, #16 ) ) ;
#3650 = DIRECTION ( 'NONE',  ( -1.000000000000000000, -3.520899023009863541E-15, 0.000000000000000000 ) ) ;
#3651 = DIRECTION ( 'NONE',  ( -3.520899023009863541E-15, 1.000000000000000000, 0.000000000000000000 ) ) ;
ENDSEC;
END-ISO-10303-21;
